epoch,train_loss,train_acc,test_loss,test_acc,lr,epoch_time_sec,test_acc_c0,test_acc_c1,test_acc_c2,test_acc_c3,test_acc_c4,test_acc_c5,test_acc_c6,test_auc_macro,test_auc_weighted,test_auc_c0,test_auc_c1,test_auc_c2,test_auc_c3,test_auc_c4,test_auc_c5,test_auc_c6
1,1.003994,64.919,0.826089,68.778,0.00029266,135.298,7.576,55.340,21.818,0.000,2.691,94.183,0.000,0.871375,0.859586,0.911552,0.901208,0.841378,0.829224,0.839438,0.859440,0.917388
2,0.772747,71.398,0.756825,71.272,0.00027135,137.950,25.758,34.951,28.182,0.000,2.242,95.824,82.759,0.902635,0.888204,0.913670,0.924949,0.866511,0.886654,0.843636,0.892922,0.990105
3,0.702979,73.708,0.674818,74.613,0.00023817,136.754,30.303,41.748,46.818,0.000,17.489,94.855,65.517,0.915304,0.905173,0.939777,0.936265,0.883985,0.879788,0.865101,0.909770,0.992444
4,0.670353,74.894,0.646031,75.960,0.00019635,136.849,37.879,50.485,50.000,8.696,23.318,94.109,68.966,0.921508,0.911742,0.940152,0.944346,0.903532,0.890208,0.865073,0.915589,0.991659
5,0.632929,76.130,0.623674,75.561,0.00015000,136.859,36.364,58.252,52.727,8.696,47.085,88.292,82.759,0.932613,0.921454,0.949083,0.952962,0.904013,0.918637,0.882298,0.925487,0.995812
6,0.605040,76.642,0.609123,76.509,0.00010365,136.890,39.394,54.369,50.909,8.696,51.570,89.485,79.310,0.934190,0.924083,0.946356,0.953473,0.912200,0.917409,0.887243,0.927381,0.995271
7,0.572913,78.739,0.595201,77.855,0.00006183,136.987,42.424,57.282,56.364,21.739,24.215,94.705,72.414,0.938458,0.927010,0.949169,0.955428,0.920405,0.933357,0.886430,0.930002,0.994416
8,0.546486,79.988,0.571564,78.753,0.00002865,136.853,43.939,51.456,61.818,21.739,35.426,93.438,82.759,0.941562,0.931582,0.948904,0.962130,0.923787,0.929430,0.893944,0.934517,0.998220
9,0.525685,80.300,0.572706,78.753,0.00000734,136.726,53.030,51.456,60.909,30.435,48.430,90.902,79.310,0.941720,0.931573,0.946098,0.961303,0.924001,0.932216,0.896355,0.934229,0.997836
10,0.516770,80.824,0.566962,79.102,0.00030000,137.053,45.455,65.049,60.909,21.739,44.843,91.424,82.759,0.942914,0.932440,0.946153,0.962977,0.924158,0.937963,0.895585,0.935390,0.998168
11,0.582797,78.077,0.642009,75.810,0.00029815,137.126,50.000,35.922,37.727,21.739,41.256,93.065,75.862,0.931167,0.921300,0.952334,0.943943,0.908245,0.908349,0.881974,0.925277,0.998046
12,0.567850,78.464,0.593586,78.504,0.00029266,137.005,40.909,57.282,56.818,4.348,25.112,95.451,89.655,0.940269,0.929502,0.941965,0.962201,0.922926,0.934914,0.889339,0.932561,0.997976
13,0.563855,78.552,0.619113,77.307,0.00028365,137.164,51.515,65.049,50.455,21.739,27.803,93.214,72.414,0.937581,0.922013,0.947989,0.959195,0.918090,0.940947,0.881974,0.923353,0.991519
14,0.546733,79.588,0.593769,78.105,0.00027135,137.053,37.879,62.136,49.545,8.696,41.704,93.139,82.759,0.939894,0.928646,0.945340,0.952426,0.922697,0.941276,0.893227,0.931255,0.993037
15,0.517034,80.200,0.641371,74.863,0.00025607,137.140,51.515,65.049,67.273,13.043,63.677,80.761,82.759,0.943395,0.929405,0.953241,0.964136,0.921581,0.945685,0.888856,0.931819,0.998447
16,0.499637,81.174,0.585004,78.005,0.00023817,137.082,46.970,52.427,78.182,34.783,36.771,88.814,89.655,0.948818,0.937228,0.959961,0.963692,0.928228,0.953538,0.896715,0.940677,0.998918
17,0.494711,80.986,0.558881,78.703,0.00021810,137.129,42.424,66.990,65.455,26.087,53.363,88.591,82.759,0.949937,0.937166,0.963493,0.964054,0.934311,0.956412,0.892918,0.939978,0.998395
18,0.479965,81.835,0.568398,78.803,0.00019635,137.143,59.091,66.019,60.000,43.478,44.843,90.157,75.862,0.945536,0.935902,0.960273,0.966928,0.928757,0.944435,0.897805,0.938687,0.981869
19,0.459728,82.884,0.547780,79.401,0.00017347,137.175,33.333,79.612,46.818,30.435,53.363,91.872,93.103,0.951856,0.941736,0.959132,0.969276,0.931138,0.954723,0.904435,0.945244,0.999040
20,0.436313,83.408,0.566078,78.554,0.00015000,137.207,56.061,60.194,70.909,30.435,44.843,88.591,86.207,0.949469,0.937074,0.960664,0.965483,0.932921,0.948581,0.901836,0.938756,0.998046
21,0.420225,84.345,0.573812,77.905,0.00012653,137.195,63.636,62.136,68.636,26.087,62.332,84.564,89.655,0.951978,0.939876,0.961289,0.967051,0.938258,0.955908,0.903731,0.941520,0.996091
22,0.404108,84.906,0.546676,79.252,0.00010365,137.087,60.606,66.990,45.455,26.087,57.848,91.051,82.759,0.952462,0.941888,0.959968,0.970455,0.940973,0.947791,0.906368,0.943544,0.998133
23,0.389804,85.268,0.538932,80.399,0.00008190,136.925,48.485,64.078,66.818,39.130,62.332,89.187,79.310,0.956097,0.945831,0.967626,0.966571,0.937642,0.962006,0.914184,0.948403,0.996248
24,0.363124,86.404,0.534335,80.200,0.00006183,137.039,54.545,69.903,47.273,39.130,56.951,92.170,82.759,0.951966,0.944302,0.960773,0.969302,0.941467,0.931317,0.917982,0.945487,0.997435
25,0.356663,86.642,0.534332,81.047,0.00004393,136.896,57.576,66.019,75.455,52.174,55.605,89.038,79.310,0.953268,0.946040,0.960820,0.967040,0.947917,0.936362,0.915815,0.947472,0.997452
26,0.334677,87.403,0.540075,81.047,0.00002865,136.882,50.000,65.049,57.273,43.478,57.848,92.245,79.310,0.951065,0.943527,0.962492,0.965933,0.939722,0.935463,0.911441,0.945824,0.996580
27,0.326032,87.615,0.531489,81.147,0.00001635,136.971,60.606,65.049,67.727,47.826,62.780,89.187,82.759,0.954535,0.946959,0.961328,0.966464,0.947237,0.942526,0.918294,0.948459,0.997435
28,0.311158,88.265,0.532004,80.948,0.00000734,137.098,57.576,64.078,62.727,39.130,64.574,89.784,82.759,0.954071,0.946805,0.964133,0.966729,0.947021,0.936208,0.918135,0.948228,0.998046
29,0.308563,88.801,0.539383,80.798,0.00000185,137.021,60.606,66.019,63.182,47.826,64.574,89.113,79.310,0.953215,0.946456,0.961922,0.965856,0.946211,0.935572,0.917664,0.948124,0.997156
30,0.304686,88.826,0.539477,80.748,0.00030000,137.089,60.606,64.078,64.545,43.478,64.126,89.113,79.310,0.953296,0.946454,0.962821,0.965392,0.946407,0.934936,0.918150,0.948005,0.997365
31,0.425037,83.933,0.578200,79.651,0.00029954,137.033,39.394,68.932,60.000,17.391,33.184,94.482,79.310,0.950059,0.937192,0.950232,0.968015,0.930051,0.963344,0.901589,0.939519,0.997662
32,0.421452,84.245,0.602457,77.805,0.00029815,137.110,42.424,79.612,69.091,39.130,55.157,85.757,55.172,0.946836,0.937230,0.961226,0.969419,0.927242,0.933642,0.902646,0.939803,0.993875
33,0.410234,84.195,0.593923,78.504,0.00029586,136.974,51.515,70.874,41.818,34.783,46.188,92.468,82.759,0.943397,0.934068,0.957452,0.965749,0.932361,0.937174,0.893507,0.936438,0.981101
34,0.400077,84.794,0.577311,79.052,0.00029266,137.072,68.182,56.311,60.000,34.783,44.843,91.424,55.172,0.943879,0.937968,0.961586,0.972170,0.937291,0.920063,0.901167,0.939917,0.974958
35,0.387304,85.006,0.568732,79.152,0.00028858,136.950,63.636,56.311,72.273,47.826,64.574,85.533,89.655,0.953386,0.944452,0.961312,0.969582,0.944573,0.946168,0.906675,0.946753,0.998639
36,0.380981,85.518,0.560346,79.401,0.00028365,136.933,46.970,65.049,68.182,56.522,53.363,88.441,89.655,0.953686,0.941360,0.959296,0.969414,0.933697,0.961721,0.909587,0.943272,0.998813
37,0.378416,85.743,0.557453,79.850,0.00027790,136.990,62.121,71.845,51.818,26.087,65.919,89.187,79.310,0.953020,0.942516,0.966821,0.962109,0.937128,0.955754,0.909222,0.944869,0.995236
38,0.344078,86.954,0.606050,79.002,0.00027135,136.794,59.091,58.252,35.909,34.783,56.502,93.139,79.310,0.945022,0.938341,0.958374,0.965412,0.936252,0.924012,0.899624,0.941180,0.990297
39,0.337081,87.366,0.568163,80.748,0.00026406,136.774,53.030,79.612,60.000,34.783,56.502,90.306,86.207,0.951707,0.943492,0.959820,0.973829,0.944074,0.926864,0.914942,0.944110,0.998307
40,0.332579,87.391,0.606716,80.000,0.00025607,136.953,60.606,75.728,67.727,43.478,54.260,88.143,82.759,0.944168,0.935863,0.954014,0.971318,0.924332,0.940047,0.917624,0.936461,0.965378
41,0.320905,87.928,0.577525,80.050,0.00024742,136.960,56.061,61.165,49.545,30.435,45.740,94.482,68.966,0.952886,0.944968,0.962641,0.973457,0.948987,0.935024,0.908882,0.946342,0.994869
42,0.292261,88.752,0.590436,81.247,0.00023817,136.743,74.242,52.427,76.818,34.783,50.673,90.380,82.759,0.954525,0.944653,0.963563,0.968357,0.946412,0.943645,0.916595,0.945144,0.997958
43,0.302316,88.577,0.579902,81.147,0.00022837,137.010,63.636,71.845,56.818,21.739,69.058,89.933,72.414,0.956153,0.946635,0.964704,0.971252,0.941021,0.957772,0.919069,0.948209,0.991048
44,0.277544,89.675,0.581177,80.748,0.00021810,136.885,71.212,66.019,65.000,34.783,44.843,91.648,82.759,0.955119,0.945346,0.960258,0.974871,0.939610,0.952288,0.921925,0.946077,0.990803
45,0.257742,90.312,0.591630,81.995,0.00020740,136.942,46.970,77.670,62.727,52.174,53.363,92.468,82.759,0.957743,0.947666,0.961664,0.973140,0.953629,0.966437,0.916623,0.948084,0.984626
46,0.254554,90.225,0.609700,80.898,0.00019635,137.076,72.727,65.049,51.818,30.435,71.300,89.709,82.759,0.957801,0.946467,0.966079,0.965851,0.941991,0.969223,0.919111,0.947868,0.994486
47,0.231440,91.211,0.624193,81.047,0.00018502,136.944,59.091,67.961,58.636,43.478,76.233,88.292,79.310,0.956865,0.945857,0.967478,0.966760,0.947976,0.967095,0.920219,0.945944,0.982584
48,0.222991,91.660,0.622671,81.895,0.00017347,136.856,69.697,76.699,58.182,21.739,56.502,92.095,79.310,0.955931,0.946103,0.960359,0.977163,0.948554,0.962159,0.910042,0.947478,0.985760
49,0.205291,92.260,0.642170,81.496,0.00016177,137.248,69.697,74.757,66.364,39.130,64.574,88.740,75.862,0.952312,0.946326,0.949591,0.975156,0.936970,0.946497,0.916940,0.949390,0.991641
50,0.200818,92.310,0.641223,80.848,0.00015000,136.801,65.152,70.874,54.091,39.130,72.197,89.038,75.862,0.957224,0.943231,0.961477,0.963865,0.942037,0.977625,0.916051,0.943737,0.995777
51,0.194093,92.772,0.598783,82.943,0.00013823,137.074,65.152,68.932,70.909,43.478,54.260,92.468,75.862,0.959698,0.951830,0.965126,0.972497,0.952837,0.950928,0.924861,0.952909,0.998726
52,0.175790,93.496,0.630377,82.444,0.00012653,136.953,60.606,73.786,67.727,26.087,62.332,91.051,75.862,0.952445,0.947012,0.955733,0.972426,0.953876,0.936669,0.920991,0.947294,0.980124
53,0.163466,94.120,0.620797,82.793,0.00011498,137.040,56.061,66.990,71.364,52.174,65.022,90.902,72.414,0.956905,0.950224,0.956718,0.972533,0.953206,0.946453,0.926082,0.950867,0.992479
54,0.150051,94.719,0.661050,82.643,0.00010365,137.003,57.576,75.728,56.818,47.826,73.543,90.753,82.759,0.955524,0.948712,0.960093,0.970251,0.944011,0.936976,0.930861,0.949393,0.997086
55,0.142296,94.969,0.631100,83.342,0.00009260,136.963,65.152,65.049,67.727,47.826,60.987,92.543,82.759,0.956771,0.949564,0.956499,0.970884,0.951021,0.945861,0.925410,0.950393,0.997330
56,0.132872,95.306,0.665897,82.344,0.00008190,137.106,74.242,68.932,64.545,52.174,62.332,90.604,79.310,0.956130,0.949394,0.958828,0.971282,0.948536,0.943842,0.924565,0.950622,0.995236
57,0.122904,95.830,0.659331,82.693,0.00007163,137.073,60.606,76.699,59.091,39.130,60.987,92.543,79.310,0.954865,0.948077,0.951779,0.969271,0.947051,0.955600,0.924907,0.949336,0.986109
58,0.108849,96.367,0.644709,82.843,0.00006183,137.018,63.636,71.845,67.273,52.174,68.161,90.306,75.862,0.959429,0.949527,0.955038,0.973349,0.951508,0.969618,0.925911,0.949791,0.990786
59,0.105056,96.242,0.666904,82.544,0.00005258,137.109,69.697,71.845,63.182,43.478,62.332,91.201,82.759,0.956977,0.949246,0.958210,0.975789,0.947846,0.943448,0.925229,0.950029,0.998290
60,0.103529,96.492,0.697528,83.142,0.00004393,136.995,54.545,72.816,61.818,47.826,67.265,92.245,75.862,0.953522,0.947739,0.953920,0.973760,0.943033,0.936428,0.923810,0.949374,0.994328
61,0.094926,96.904,0.684617,83.042,0.00003594,137.177,62.121,71.845,67.273,52.174,61.883,91.648,79.310,0.954514,0.948266,0.951576,0.972655,0.952007,0.942680,0.919028,0.949584,0.994067
62,0.089694,96.966,0.683462,83.691,0.00002865,136.952,65.152,71.845,69.091,43.478,62.780,92.095,82.759,0.953929,0.948043,0.950271,0.971346,0.948790,0.939740,0.922103,0.949443,0.995812
63,0.080652,97.366,0.688075,82.693,0.00002210,136.916,69.697,70.874,70.000,43.478,64.574,90.007,82.759,0.955535,0.947947,0.951654,0.973503,0.947092,0.945444,0.924638,0.948787,0.997627
64,0.073617,97.603,0.682082,82.943,0.00001635,137.090,65.152,69.903,64.545,52.174,64.574,91.573,75.862,0.955666,0.948051,0.951264,0.973171,0.948676,0.946826,0.923842,0.948848,0.997033
65,0.073677,97.753,0.690782,83.142,0.00001142,137.025,65.152,69.903,65.909,47.826,63.677,91.797,79.310,0.956108,0.949050,0.950209,0.972813,0.947240,0.951367,0.925332,0.950366,0.995428
66,0.071538,97.715,0.691854,83.292,0.00000734,136.990,68.182,69.903,66.364,43.478,64.574,91.797,75.862,0.955995,0.949325,0.951560,0.970971,0.949149,0.949151,0.924801,0.950660,0.995672
67,0.067474,97.890,0.687334,83.491,0.00000414,137.062,66.667,68.932,68.182,43.478,63.677,92.021,79.310,0.955860,0.949249,0.951576,0.969797,0.949534,0.947747,0.925128,0.950519,0.996719
68,0.071359,97.553,0.697935,83.142,0.00000185,137.007,71.212,70.874,64.091,43.478,64.126,91.648,82.759,0.953812,0.948221,0.946888,0.970195,0.948291,0.940245,0.924134,0.949668,0.997260
69,0.064586,98.102,0.701363,82.993,0.00000046,137.164,69.697,68.932,63.636,39.130,63.677,91.872,82.759,0.954111,0.948062,0.949693,0.970251,0.947031,0.943140,0.923588,0.949575,0.995498
70,0.071495,97.778,0.697498,83.292,0.00030000,137.206,65.152,69.903,67.273,39.130,62.332,92.170,79.310,0.955558,0.948438,0.952068,0.970731,0.949063,0.946212,0.924587,0.949402,0.996841
71,0.249552,90.811,0.748486,80.449,0.00029988,136.767,62.121,55.340,44.545,47.826,57.848,93.438,82.759,0.946833,0.938956,0.965563,0.952426,0.938653,0.927895,0.912435,0.940143,0.990716
72,0.270057,89.700,0.605407,82.145,0.00029954,136.940,68.182,66.990,65.909,39.130,56.054,91.872,75.862,0.958933,0.947926,0.955171,0.963156,0.950400,0.980740,0.914418,0.949904,0.998744
73,0.235082,90.861,0.709168,78.105,0.00029896,137.073,56.061,71.845,62.273,34.783,74.888,83.743,68.966,0.952350,0.938759,0.954420,0.965688,0.940820,0.960887,0.917722,0.937607,0.989303
74,0.208525,92.097,0.662309,82.045,0.00029815,136.847,72.727,70.874,52.727,39.130,55.605,93.289,82.759,0.955614,0.945301,0.959968,0.966530,0.944296,0.955469,0.917654,0.946374,0.999005
75,0.198543,92.534,0.657615,80.349,0.00029712,136.977,60.606,67.961,55.455,17.391,65.022,89.784,89.655,0.958382,0.941101,0.967282,0.977780,0.944551,0.973062,0.906879,0.940324,0.998796
76,0.203244,92.247,0.714571,79.701,0.00029586,137.128,66.667,77.670,54.545,34.783,72.646,86.652,75.862,0.952174,0.940196,0.948083,0.974008,0.938243,0.958781,0.907614,0.941401,0.997086
77,0.185983,93.084,0.751273,80.150,0.00029437,137.107,75.758,69.903,67.273,13.043,51.121,89.038,89.655,0.950447,0.943773,0.938347,0.970312,0.940626,0.942395,0.916613,0.945865,0.998970
78,0.188531,93.109,0.660068,81.247,0.00029266,136.936,53.030,72.816,72.727,56.522,44.395,91.275,79.310,0.955461,0.943223,0.953256,0.976764,0.934250,0.961260,0.921900,0.943697,0.997103
79,0.183451,93.233,0.675635,82.843,0.00029073,137.093,59.091,75.728,67.727,21.739,54.260,92.692,89.655,0.953259,0.941956,0.946309,0.969322,0.941974,0.970956,0.909302,0.943500,0.991449
80,0.174020,93.508,0.722983,80.948,0.00028858,137.088,72.727,62.136,72.273,52.174,55.157,89.038,79.310,0.953816,0.940633,0.950271,0.974406,0.941974,0.976287,0.907355,0.941305,0.985114
81,0.149495,94.407,0.739893,81.646,0.00028622,137.076,50.000,79.612,55.000,47.826,67.265,90.977,68.966,0.952532,0.943965,0.942418,0.974245,0.948184,0.946935,0.915943,0.944517,0.995480
82,0.161235,93.958,0.747674,81.097,0.00028365,136.995,60.606,75.728,72.727,39.130,43.049,90.977,79.310,0.954854,0.942091,0.941293,0.978015,0.939232,0.976901,0.915166,0.942669,0.990699
83,0.156643,94.170,0.754173,80.698,0.00028087,137.166,53.030,74.757,48.636,43.478,58.744,92.170,75.862,0.950944,0.940842,0.947825,0.969715,0.933387,0.953100,0.917866,0.941992,0.992723
84,0.145068,94.644,0.717070,81.197,0.00027790,137.112,43.939,66.990,70.000,60.870,53.812,90.828,82.759,0.955042,0.944237,0.944942,0.973155,0.944530,0.974795,0.911638,0.945831,0.990402
85,0.126183,95.268,0.749098,81.546,0.00027472,137.078,60.606,71.845,55.455,47.826,66.368,90.828,75.862,0.952335,0.941798,0.958679,0.974176,0.939088,0.974685,0.912770,0.942702,0.964243
86,0.135899,94.856,0.780242,82.344,0.00027135,137.064,56.061,62.136,60.000,47.826,53.812,94.407,72.414,0.948781,0.944400,0.959148,0.970220,0.950117,0.937700,0.906436,0.946601,0.971241
87,0.119978,95.880,0.739564,81.696,0.00026780,137.046,51.515,61.165,82.727,30.435,56.054,89.709,82.759,0.957392,0.949131,0.944426,0.974159,0.950817,0.970166,0.912332,0.951866,0.997976
88,0.116363,95.768,0.756069,82.594,0.00026406,137.155,57.576,71.845,67.273,52.174,59.193,91.573,82.759,0.953942,0.944395,0.942590,0.974620,0.942205,0.963651,0.914219,0.946134,0.994171
89,0.107865,95.905,0.754325,81.197,0.00026015,137.227,46.970,77.670,73.182,43.478,57.848,88.963,82.759,0.953446,0.946927,0.946544,0.976836,0.951474,0.947879,0.918855,0.947736,0.984800
90,0.116603,95.543,0.786338,81.546,0.00025607,137.317,74.242,63.107,60.000,52.174,45.740,93.289,82.759,0.957444,0.943667,0.967150,0.972354,0.944636,0.968016,0.907367,0.944593,0.997993
91,0.123671,95.318,0.706417,82.045,0.00025182,137.186,54.545,66.990,66.818,43.478,54.260,92.394,79.310,0.956982,0.946915,0.952764,0.971001,0.952363,0.964068,0.913233,0.948099,0.997347
92,0.103116,96.330,0.817393,81.945,0.00024742,136.916,72.727,67.961,62.273,60.870,46.637,93.065,75.862,0.954926,0.946867,0.957593,0.974136,0.951963,0.950994,0.907601,0.948862,0.993334
93,0.092355,96.604,0.771323,82.643,0.00024286,137.063,60.606,71.845,75.000,43.478,54.709,91.201,79.310,0.954644,0.947931,0.958882,0.977328,0.951879,0.955732,0.911066,0.949837,0.977785
94,0.090374,96.742,0.797262,82.145,0.00023817,137.030,57.576,66.990,76.364,39.130,50.673,91.275,89.655,0.956234,0.946282,0.955811,0.972104,0.951873,0.955929,0.917181,0.946551,0.994189
95,0.086609,96.792,0.789131,81.696,0.00023334,137.019,65.152,72.816,63.636,56.522,57.848,90.604,79.310,0.955496,0.945428,0.962610,0.975442,0.951589,0.952442,0.913160,0.945599,0.987627
96,0.089536,96.667,0.772739,82.294,0.00022837,137.010,51.515,66.990,65.455,39.130,64.574,91.201,93.103,0.953799,0.945779,0.958460,0.970613,0.943433,0.949392,0.921102,0.946787,0.986807
97,0.093579,96.779,0.770486,82.195,0.00022329,136.984,72.727,65.049,70.000,34.783,66.816,89.113,93.103,0.957933,0.946765,0.956679,0.973962,0.947741,0.961282,0.921578,0.946872,0.997417
98,0.079009,97.116,0.822628,81.446,0.00021810,136.982,62.121,62.136,75.000,43.478,59.641,89.113,86.207,0.951231,0.942063,0.946825,0.971890,0.931928,0.948186,0.925941,0.942715,0.991135
99,0.068546,97.690,0.831745,82.693,0.00021280,137.102,71.212,64.078,62.727,56.522,62.332,91.723,86.207,0.954390,0.947878,0.953053,0.970098,0.947250,0.950029,0.926734,0.948699,0.984870
100,0.061140,98.115,0.845330,82.643,0.00020740,137.004,72.727,73.786,59.091,47.826,68.610,90.679,79.310,0.954121,0.944686,0.958343,0.972824,0.945915,0.948449,0.923422,0.944236,0.985655
101,0.058271,98.152,0.819402,82.444,0.00020192,136.935,51.515,69.903,75.455,39.130,65.919,89.411,89.655,0.957782,0.948553,0.955968,0.970843,0.949419,0.959768,0.923514,0.949286,0.995672
102,0.062505,97.790,0.817918,82.943,0.00019635,136.919,63.636,69.903,66.364,34.783,62.780,91.573,93.103,0.956646,0.949344,0.955280,0.973666,0.950194,0.947484,0.923326,0.950390,0.996178
103,0.056443,97.915,0.842240,82.643,0.00019072,137.047,68.182,69.903,76.818,39.130,55.605,90.380,89.655,0.957121,0.947023,0.959968,0.976887,0.951362,0.950380,0.915671,0.947431,0.998150
104,0.053037,98.052,0.977971,81.397,0.00018502,137.145,71.212,74.757,54.091,60.870,56.054,91.424,82.759,0.951321,0.939694,0.953537,0.974922,0.935385,0.956434,0.904405,0.941440,0.993124
105,0.062385,97.878,0.854621,83.392,0.00017926,137.083,74.242,63.107,68.636,47.826,55.157,93.065,86.207,0.958801,0.948484,0.961891,0.973794,0.950377,0.967512,0.914053,0.949984,0.993997
106,0.049640,98.190,0.820161,83.242,0.00017347,137.140,65.152,66.019,70.455,52.174,65.471,90.902,89.655,0.959499,0.950031,0.958820,0.973916,0.951226,0.961918,0.923560,0.950766,0.996283
107,0.038622,98.752,0.871933,83.092,0.00016763,137.017,60.606,66.990,76.364,43.478,61.435,90.902,79.310,0.956270,0.947994,0.953600,0.972257,0.953727,0.956960,0.921907,0.948250,0.987191
108,0.037605,98.664,0.864490,82.943,0.00016177,136.931,68.182,64.078,72.273,47.826,59.193,91.424,82.759,0.954456,0.948443,0.960304,0.968822,0.953481,0.946563,0.922909,0.949062,0.980054
109,0.040654,98.627,0.834386,83.092,0.00015589,136.905,60.606,67.961,68.182,52.174,64.574,91.275,89.655,0.958976,0.950540,0.949591,0.969327,0.950764,0.964112,0.932008,0.950971,0.996056
110,0.037828,98.664,0.924202,81.895,0.00015000,136.867,51.515,70.874,69.091,47.826,66.368,89.635,75.862,0.954912,0.944312,0.950670,0.973850,0.949226,0.949634,0.922842,0.943310,0.994852
111,0.042352,98.589,0.907524,82.544,0.00014411,136.921,69.697,71.845,72.727,47.826,62.332,89.411,89.655,0.957825,0.948410,0.940582,0.972752,0.948498,0.968170,0.927167,0.949020,0.998586
112,0.031803,98.964,0.900077,83.591,0.00013823,137.039,65.152,66.019,72.727,47.826,59.641,92.095,89.655,0.955990,0.946928,0.950677,0.971236,0.952552,0.955008,0.915807,0.947870,0.998778
113,0.034944,98.939,0.888356,82.594,0.00013237,136.971,65.152,66.019,68.182,52.174,62.332,91.126,75.862,0.959756,0.948512,0.961242,0.968158,0.956453,0.966108,0.923515,0.947926,0.994887
114,0.027876,99.189,0.947170,82.045,0.00012653,137.023,66.667,69.903,73.182,39.130,58.296,89.709,89.655,0.958433,0.949435,0.958734,0.968786,0.954220,0.959724,0.920533,0.950313,0.996719
115,0.026806,99.164,0.916201,82.893,0.00012074,136.971,65.152,67.961,69.545,43.478,61.883,91.126,89.655,0.956715,0.944999,0.961797,0.972747,0.952490,0.955688,0.912020,0.944982,0.997278
116,0.019029,99.413,0.899804,82.843,0.00011498,137.016,69.697,66.990,74.091,47.826,63.229,89.784,93.103,0.960077,0.947807,0.959085,0.972844,0.954637,0.971548,0.917066,0.947838,0.997522
117,0.016774,99.538,0.926903,83.641,0.00010928,137.119,66.667,74.757,70.455,47.826,61.883,91.350,93.103,0.958362,0.948928,0.950834,0.974406,0.954767,0.961852,0.919494,0.949539,0.997644
118,0.019128,99.276,0.935773,82.594,0.00010365,137.025,60.606,68.932,70.909,43.478,66.816,89.858,86.207,0.956984,0.946904,0.953827,0.973717,0.949806,0.961238,0.916834,0.947726,0.995742
119,0.016945,99.501,0.947329,83.192,0.00009808,137.028,59.091,72.816,72.727,39.130,62.780,90.902,89.655,0.954154,0.945598,0.942715,0.975136,0.948174,0.949239,0.919718,0.946158,0.997941
120,0.018705,99.438,0.906036,83.441,0.00009260,137.051,60.606,67.961,71.818,56.522,63.229,91.424,86.207,0.959459,0.950447,0.956405,0.975039,0.954177,0.959044,0.922517,0.951124,0.997906
121,0.012355,99.650,0.913758,83.541,0.00008720,136.936,66.667,73.786,70.909,43.478,60.987,91.573,86.207,0.955808,0.947677,0.944411,0.978421,0.956376,0.950950,0.915254,0.948320,0.996929
122,0.009828,99.750,0.958035,83.392,0.00008190,136.946,72.727,69.903,66.818,47.826,65.022,91.201,89.655,0.956552,0.948124,0.953987,0.971943,0.949845,0.953856,0.919761,0.949280,0.997190
123,0.015863,99.463,0.970029,82.145,0.00007671,137.070,69.697,67.961,75.455,43.478,62.332,88.814,86.207,0.958581,0.947819,0.948419,0.977476,0.954206,0.971987,0.910855,0.949110,0.998011
124,0.013067,99.713,0.985222,83.491,0.00007163,137.082,68.182,69.903,68.182,43.478,59.193,92.468,86.207,0.956446,0.947120,0.957171,0.973855,0.950427,0.954131,0.913446,0.948416,0.997679
125,0.009429,99.813,0.955326,83.641,0.00006666,137.061,66.667,70.874,70.000,43.478,61.883,91.872,89.655,0.956846,0.946418,0.956948,0.973819,0.952902,0.955886,0.913376,0.946947,0.998046
126,0.012705,99.600,0.983467,83.441,0.00006183,136.968,65.152,68.932,75.455,39.130,60.090,91.424,82.759,0.954655,0.944744,0.951060,0.971571,0.950413,0.954547,0.912034,0.945575,0.997382
127,0.010177,99.675,0.958026,83.541,0.00005714,137.099,65.152,68.932,74.545,47.826,65.022,90.604,89.655,0.958167,0.948021,0.957484,0.974478,0.953776,0.957202,0.917559,0.948401,0.998272
128,0.010257,99.713,0.969225,83.242,0.00005258,136.994,62.121,71.845,72.727,39.130,62.332,91.126,82.759,0.957814,0.949283,0.956796,0.973837,0.955208,0.952705,0.918019,0.950142,0.997993
129,0.010390,99.775,0.986564,83.890,0.00004818,136.811,65.152,73.786,69.091,39.130,64.126,92.095,82.759,0.956356,0.949226,0.956140,0.971277,0.951592,0.948668,0.917006,0.951101,0.998709
130,0.008929,99.750,0.997828,83.292,0.00004393,137.064,69.697,68.932,70.455,39.130,65.919,90.753,86.207,0.956314,0.947172,0.956499,0.970723,0.948370,0.953494,0.918384,0.948278,0.998447
131,0.006588,99.813,0.945873,83.990,0.00003985,137.052,68.182,67.961,70.455,47.826,59.641,92.692,93.103,0.959126,0.949289,0.957734,0.972875,0.954298,0.962203,0.917753,0.950192,0.998831
132,0.004827,99.913,0.969688,83.890,0.00003594,137.131,69.697,70.874,72.273,47.826,63.677,91.424,86.207,0.959103,0.950187,0.957351,0.970736,0.955724,0.961172,0.919358,0.951249,0.998133
133,0.005656,99.900,0.971555,84.489,0.00003220,137.090,68.182,66.990,75.000,47.826,61.883,92.543,86.207,0.957346,0.948138,0.954780,0.967974,0.955382,0.959834,0.915941,0.949166,0.998342
134,0.005332,99.913,0.991085,83.641,0.00002865,137.097,68.182,68.932,73.636,39.130,65.471,90.753,93.103,0.956726,0.948166,0.952928,0.968704,0.950921,0.957882,0.919114,0.949489,0.998046
135,0.006991,99.825,0.960953,84.389,0.00002528,136.954,68.182,69.903,75.909,47.826,64.574,91.573,86.207,0.959292,0.949954,0.956765,0.970486,0.955742,0.963125,0.920314,0.950759,0.997854
136,0.007510,99.850,0.982830,83.890,0.00002210,137.104,66.667,70.874,73.182,39.130,60.538,92.170,82.759,0.957024,0.948317,0.948943,0.972038,0.955514,0.960492,0.916279,0.949360,0.996545
137,0.007418,99.800,0.971569,83.990,0.00001913,137.045,66.667,67.961,74.091,43.478,67.713,90.902,93.103,0.957910,0.949558,0.951560,0.971392,0.953863,0.959659,0.920284,0.950725,0.997888
138,0.004352,99.938,0.987155,83.940,0.00001635,137.095,69.697,66.990,71.818,43.478,65.022,91.723,86.207,0.958186,0.949038,0.956491,0.971910,0.954020,0.958584,0.918340,0.949980,0.997976
139,0.004458,99.963,0.991426,84.040,0.00001378,137.007,71.212,68.932,70.455,43.478,64.574,91.872,89.655,0.957969,0.948870,0.956530,0.971091,0.953993,0.957706,0.918666,0.949753,0.998046
140,0.005289,99.863,0.983433,84.339,0.00001142,137.001,68.182,69.903,75.000,43.478,61.883,92.021,93.103,0.957806,0.949086,0.951967,0.971711,0.953461,0.960021,0.919534,0.950163,0.997784
141,0.004421,99.925,0.988975,83.940,0.00000927,137.107,68.182,70.874,73.182,43.478,60.090,92.021,89.655,0.958168,0.949033,0.955811,0.972474,0.952135,0.959889,0.919355,0.950092,0.997417
142,0.004535,99.863,0.981901,84.289,0.00000734,137.053,68.182,69.903,74.091,43.478,60.987,92.319,89.655,0.958224,0.949389,0.955804,0.971691,0.954855,0.958167,0.918531,0.950390,0.998133
143,0.005250,99.900,0.973396,84.289,0.00000563,137.048,68.182,69.903,74.091,43.478,59.641,92.468,93.103,0.958525,0.949599,0.955749,0.973441,0.955079,0.958518,0.918387,0.950558,0.997941
144,0.004498,99.900,0.991909,84.389,0.00000414,137.048,69.697,68.932,74.545,43.478,63.229,92.021,89.655,0.958004,0.949095,0.957030,0.970039,0.954455,0.957706,0.919135,0.950000,0.997662
145,0.004009,99.875,0.975617,84.040,0.00000288,137.055,69.697,68.932,73.182,43.478,60.987,92.170,86.207,0.958918,0.949739,0.957312,0.972607,0.955712,0.959681,0.918716,0.950579,0.997819
146,0.004118,99.938,0.979716,84.090,0.00000185,137.023,68.182,68.932,73.182,43.478,64.574,91.723,86.207,0.958538,0.949548,0.956749,0.971821,0.953964,0.959461,0.919520,0.950540,0.997714
147,0.004209,99.888,0.969747,84.489,0.00000104,137.090,66.667,69.903,73.636,43.478,62.332,92.468,93.103,0.958980,0.949956,0.958515,0.972936,0.955405,0.957619,0.919484,0.950770,0.998133
148,0.004069,99.950,0.977826,84.190,0.00000046,137.015,69.697,70.874,72.273,43.478,59.641,92.617,86.207,0.958437,0.949234,0.955577,0.972630,0.955289,0.959308,0.918749,0.949985,0.997522
149,0.004014,99.963,0.985179,84.190,0.00000012,136.814,66.667,67.961,72.727,43.478,62.332,92.394,89.655,0.958017,0.948960,0.956999,0.971471,0.953360,0.958277,0.918305,0.949997,0.997714
150,0.005073,99.863,0.981994,84.090,0.00030000,136.880,68.182,67.961,75.000,43.478,60.987,92.095,86.207,0.958461,0.949355,0.958070,0.972290,0.954601,0.957684,0.918663,0.950219,0.997696
