coverage,risk_mean,ci_low,ci_high
0.0025000000,0.2000000000,-0.3552890210,0.7552890210
0.0050000000,0.4000000000,-0.1194253168,0.9194253168
0.0075000000,0.4000000000,-0.0533915871,0.8533915871
0.0100000000,0.3000000000,-0.0400436903,0.6400436903
0.0125000000,0.2400000000,-0.0320349523,0.5120349523
0.0150000000,0.2000000000,-0.0266957936,0.4266957936
0.0175000000,0.2285714286,0.0263264604,0.4308163967
0.0200000000,0.2000000000,0.0230356529,0.3769643471
0.0225000000,0.2000000000,0.0845721518,0.3154278482
0.0250000000,0.2200000000,0.1161149366,0.3238850634
0.0275000000,0.2363636364,0.1745375108,0.2981897619
0.0300000000,0.2166666667,0.1599927183,0.2733406151
0.0325000000,0.2000000000,0.1476855861,0.2523144139
0.0350000000,0.1857142857,0.1371366157,0.2342919558
0.0375000000,0.1733333333,0.1279941746,0.2186724920
0.0400000000,0.1625000000,0.1199945387,0.2050054613
0.0425000000,0.1529411765,0.1129360364,0.1929463165
0.0450000000,0.1555555556,0.1247061655,0.1864049456
0.0475000000,0.1473684211,0.1181426831,0.1765941590
0.0500000000,0.1400000000,0.1122355489,0.1677644511
0.0525000000,0.1333333333,0.1068909990,0.1597756677
0.0550000000,0.1363636364,0.0964550440,0.1762722288
0.0575000000,0.1304347826,0.0922613464,0.1686082188
0.0600000000,0.1333333333,0.1101962908,0.1564703759
0.0625000000,0.1280000000,0.1057884392,0.1502115608
0.0650000000,0.1307692308,0.1046120238,0.1569264377
0.0675000000,0.1333333333,0.1081449118,0.1585217548
0.0700000000,0.1357142857,0.0986124774,0.1728160941
0.0725000000,0.1310344828,0.0952120471,0.1668569184
0.0750000000,0.1266666667,0.0920383122,0.1612950211
0.0775000000,0.1290322581,0.0889785807,0.1690859354
0.0800000000,0.1250000000,0.0861980001,0.1638019999
0.0825000000,0.1272727273,0.0860553103,0.1684901443
0.0850000000,0.1294117647,0.0967477046,0.1620758248
0.0875000000,0.1257142857,0.0939834845,0.1574450869
0.0900000000,0.1222222222,0.0913728322,0.1530716123
0.0925000000,0.1243243243,0.0860617628,0.1625868859
0.0950000000,0.1210526316,0.0837969796,0.1583082836
0.0975000000,0.1282051282,0.1056925889,0.1507176675
0.1000000000,0.1300000000,0.1161177745,0.1438822255
0.1025000000,0.1365853659,0.1199978688,0.1531728629
0.1050000000,0.1333333333,0.1171407767,0.1495258900
0.1075000000,0.1348837209,0.1219700228,0.1477974191
0.1100000000,0.1363636364,0.1363636364,0.1363636364
0.1125000000,0.1377777778,0.1254380218,0.1501175338
0.1150000000,0.1347826087,0.1227111082,0.1468541092
0.1175000000,0.1361702128,0.1125408927,0.1597995328
0.1200000000,0.1375000000,0.1027944362,0.1722055638
0.1225000000,0.1387755102,0.0934457942,0.1841052262
0.1250000000,0.1360000000,0.0915768783,0.1804231217
0.1275000000,0.1372549020,0.0950857817,0.1794240222
0.1300000000,0.1461538462,0.0996067552,0.1927009371
0.1325000000,0.1433962264,0.0977273825,0.1890650703
0.1350000000,0.1444444444,0.1002150298,0.1886738590
0.1375000000,0.1418181818,0.0983929384,0.1852434252
0.1400000000,0.1392857143,0.0966359216,0.1819355069
0.1425000000,0.1368421053,0.0949405546,0.1787436559
0.1450000000,0.1379310345,0.0978803339,0.1779817351
0.1475000000,0.1355932203,0.0962213452,0.1749650955
0.1500000000,0.1366666667,0.0996473986,0.1736859347
0.1525000000,0.1344262295,0.0980138347,0.1708386243
0.1550000000,0.1322580645,0.0964329664,0.1680831626
0.1575000000,0.1301587302,0.0949022844,0.1654151759
0.1600000000,0.1312500000,0.0960063333,0.1664936667
0.1625000000,0.1323076923,0.1033372817,0.1612781029
0.1650000000,0.1303030303,0.1017715653,0.1588344953
0.1675000000,0.1313432836,0.1071801226,0.1555064445
0.1700000000,0.1323529412,0.1099893880,0.1547164943
0.1725000000,0.1304347826,0.1083953389,0.1524742263
0.1750000000,0.1314285714,0.1119975034,0.1508596394
0.1775000000,0.1323943662,0.1124547215,0.1523340109
0.1800000000,0.1361111111,0.1136259474,0.1585962748
0.1825000000,0.1397260274,0.1254951968,0.1539568580
0.1850000000,0.1405405405,0.1255327292,0.1555483519
0.1875000000,0.1413333333,0.1224571363,0.1602095304
0.1900000000,0.1447368421,0.1331843548,0.1562893294
0.1925000000,0.1428571429,0.1314546879,0.1542595978
0.1950000000,0.1435897436,0.1261516056,0.1610278816
0.1975000000,0.1468354430,0.1327774931,0.1608933929
0.2000000000,0.1500000000,0.1280502742,0.1719497258
0.2025000000,0.1530864198,0.1298385594,0.1763342801
0.2050000000,0.1512195122,0.1282551623,0.1741838621
0.2075000000,0.1493975904,0.1267099194,0.1720852613
0.2100000000,0.1500000000,0.1231476825,0.1768523175
0.2125000000,0.1505882353,0.1265851513,0.1745913193
0.2150000000,0.1488372093,0.1251132309,0.1725611877
0.2175000000,0.1471264368,0.1236751478,0.1705777258
0.2200000000,0.1477272727,0.1277729765,0.1676815689
0.2225000000,0.1483146067,0.1301243620,0.1665048515
0.2250000000,0.1511111111,0.1326014771,0.1696207451
0.2275000000,0.1494505495,0.1311443180,0.1677567809
0.2300000000,0.1500000000,0.1278232376,0.1721767624
0.2325000000,0.1526881720,0.1352803034,0.1700960407
0.2350000000,0.1531914894,0.1381306939,0.1682522849
0.2375000000,0.1515789474,0.1366766866,0.1664812082
0.2400000000,0.1500000000,0.1352529711,0.1647470289
0.2425000000,0.1505154639,0.1311023022,0.1699286257
0.2450000000,0.1489795918,0.1297645236,0.1681946601
0.2475000000,0.1494949495,0.1288862410,0.1701036580
0.2500000000,0.1500000000,0.1303675684,0.1696324316
0.2525000000,0.1504950495,0.1285034051,0.1724866939
0.2550000000,0.1509803922,0.1306107719,0.1713500124
0.2575000000,0.1495145631,0.1293427061,0.1696864201
0.2600000000,0.1538461538,0.1349688158,0.1727234919
0.2625000000,0.1523809524,0.1336833985,0.1710785063
0.2650000000,0.1528301887,0.1354557987,0.1702045786
0.2675000000,0.1532710280,0.1356721805,0.1708698756
0.2700000000,0.1518518519,0.1344159566,0.1692877471
0.2725000000,0.1504587156,0.1331827827,0.1677346485
0.2750000000,0.1490909091,0.1319720301,0.1662097881
0.2775000000,0.1477477477,0.1307830929,0.1647124026
0.2800000000,0.1464285714,0.1296153867,0.1632417561
0.2825000000,0.1451327434,0.1284683479,0.1617971388
0.2850000000,0.1456140351,0.1290958185,0.1621322517
0.2875000000,0.1478260870,0.1346024207,0.1610497532
0.2900000000,0.1465517241,0.1334420551,0.1596613932
0.2925000000,0.1487179487,0.1392258287,0.1582100687
0.2950000000,0.1491525424,0.1433890900,0.1549159948
0.2975000000,0.1512605042,0.1438824451,0.1586385633
0.3000000000,0.1500000000,0.1426834247,0.1573165753
0.3025000000,0.1520661157,0.1428877848,0.1612444466
0.3050000000,0.1540983607,0.1408284280,0.1673682933
0.3075000000,0.1528455285,0.1396834814,0.1660075755
0.3100000000,0.1532258065,0.1409619225,0.1654896904
0.3125000000,0.1520000000,0.1398342271,0.1641657729
0.3150000000,0.1507936508,0.1387244316,0.1628628700
0.3175000000,0.1511811024,0.1404710649,0.1618911399
0.3200000000,0.1531250000,0.1420647283,0.1641852717
0.3225000000,0.1565891473,0.1460451569,0.1671331377
0.3250000000,0.1584615385,0.1439763332,0.1729467438
0.3275000000,0.1587786260,0.1464203681,0.1711368839
0.3300000000,0.1606060606,0.1527359800,0.1684761412
0.3325000000,0.1609022556,0.1557888167,0.1660156946
0.3350000000,0.1611940299,0.1561187509,0.1662693088
0.3375000000,0.1600000000,0.1549623157,0.1650376843
0.3400000000,0.1617647059,0.1617647059,0.1617647059
0.3425000000,0.1605839416,0.1605839416,0.1605839416
0.3450000000,0.1608695652,0.1568457317,0.1648933987
0.3475000000,0.1611510791,0.1562583642,0.1660437941
0.3500000000,0.1600000000,0.1551422330,0.1648577670
0.3525000000,0.1602836879,0.1554603732,0.1651070027
0.3550000000,0.1605633803,0.1566528942,0.1644738663
0.3575000000,0.1594405594,0.1555574194,0.1633236994
0.3600000000,0.1597222222,0.1536250762,0.1658193683
0.3625000000,0.1600000000,0.1506194844,0.1693805156
0.3650000000,0.1589041096,0.1495878441,0.1682203751
0.3675000000,0.1619047619,0.1548377508,0.1689717730
0.3700000000,0.1621621622,0.1562298038,0.1680945205
0.3725000000,0.1637583893,0.1563048454,0.1712119332
0.3750000000,0.1653333333,0.1584076624,0.1722590042
0.3775000000,0.1668874172,0.1578796373,0.1758951971
0.3800000000,0.1697368421,0.1629022985,0.1765713857
0.3825000000,0.1725490196,0.1681040040,0.1769940352
0.3850000000,0.1753246753,0.1696234478,0.1810259028
0.3875000000,0.1767741935,0.1696091739,0.1839392132
0.3900000000,0.1807692308,0.1720501618,0.1894882998
0.3925000000,0.1808917197,0.1738179743,0.1879654652
0.3950000000,0.1822784810,0.1757034770,0.1888534850
0.3975000000,0.1861635220,0.1791787545,0.1931482896
0.4000000000,0.1900000000,0.1811517826,0.1988482174
0.4025000000,0.1937888199,0.1873363315,0.2002413083
0.4050000000,0.1987654321,0.1923527739,0.2051780903
0.4075000000,0.2000000000,0.1913146333,0.2086853667
0.4100000000,0.2000000000,0.1917062515,0.2082937485
0.4125000000,0.2024242424,0.1956934664,0.2091550184
0.4150000000,0.2060240964,0.1978302725,0.2142179202
0.4175000000,0.2095808383,0.2021457246,0.2170159521
0.4200000000,0.2107142857,0.2066661465,0.2147624249
0.4225000000,0.2142011834,0.2109154496,0.2174869173
0.4250000000,0.2164705882,0.2132041822,0.2197369942
0.4275000000,0.2187134503,0.2147363311,0.2226905695
0.4300000000,0.2220930233,0.2188645987,0.2253214478
0.4325000000,0.2254335260,0.2203584449,0.2305086071
0.4350000000,0.2287356322,0.2209185359,0.2365527285
0.4375000000,0.2320000000,0.2239102013,0.2400897987
0.4400000000,0.2352272727,0.2245279734,0.2459265721
0.4425000000,0.2384180791,0.2249243594,0.2519117988
0.4450000000,0.2393258427,0.2276533637,0.2509983217
0.4475000000,0.2424581006,0.2308508309,0.2540653702
0.4500000000,0.2433333333,0.2343392679,0.2523273988
0.4525000000,0.2453038674,0.2349001288,0.2557076060
0.4550000000,0.2472527473,0.2344893372,0.2600161573
0.4575000000,0.2480874317,0.2340176543,0.2621572091
0.4600000000,0.2489130435,0.2350834023,0.2627426846
0.4625000000,0.2529729730,0.2392180866,0.2667278593
0.4650000000,0.2537634409,0.2392910570,0.2682358247
0.4675000000,0.2534759358,0.2397071162,0.2672447554
0.4700000000,0.2531914894,0.2411936454,0.2651893333
0.4725000000,0.2550264550,0.2432743064,0.2667786036
0.4750000000,0.2568421053,0.2442716401,0.2694125705
0.4775000000,0.2586387435,0.2468293473,0.2704481396
0.4800000000,0.2625000000,0.2507521111,0.2742478889
0.4825000000,0.2663212435,0.2546342245,0.2780082625
0.4850000000,0.2670103093,0.2564934941,0.2775271244
0.4875000000,0.2676923077,0.2538878800,0.2814967354
0.4900000000,0.2693877551,0.2529899614,0.2857855488
0.4925000000,0.2710659898,0.2546301342,0.2875018455
0.4950000000,0.2727272727,0.2573664483,0.2880880971
0.4975000000,0.2753768844,0.2592262936,0.2915274752
0.5000000000,0.2790000000,0.2629301621,0.2950698379
0.5025000000,0.2805970149,0.2657197866,0.2954742433
0.5050000000,0.2831683168,0.2672575863,0.2990790474
0.5075000000,0.2837438424,0.2672177764,0.3002699083
0.5100000000,0.2852941176,0.2689620876,0.3016261477
0.5125000000,0.2868292683,0.2705769067,0.3030816299
0.5150000000,0.2902912621,0.2741177955,0.3064647288
0.5175000000,0.2927536232,0.2789443227,0.3065629236
0.5200000000,0.2951923077,0.2802088851,0.3101757303
0.5225000000,0.2966507177,0.2815041413,0.3117972942
0.5250000000,0.2980952381,0.2810609558,0.3151295204
0.5275000000,0.3014218009,0.2844682498,0.3183753521
0.5300000000,0.3028301887,0.2855547989,0.3201055784
0.5325000000,0.3023474178,0.2860667661,0.3186280696
0.5350000000,0.3037383178,0.2853902508,0.3220863847
0.5375000000,0.3041860465,0.2861068691,0.3222652239
0.5400000000,0.3055555556,0.2873773781,0.3237337330
0.5425000000,0.3078341014,0.2900131772,0.3256550256
0.5450000000,0.3100917431,0.2909453568,0.3292381294
0.5475000000,0.3123287671,0.2955097230,0.3291478113
0.5500000000,0.3154545455,0.2987119515,0.3321971394
0.5525000000,0.3167420814,0.3003618031,0.3331223598
0.5550000000,0.3189189189,0.3006234728,0.3372143650
0.5575000000,0.3219730942,0.3037596904,0.3401864979
0.5600000000,0.3232142857,0.3049976594,0.3414309120
0.5625000000,0.3244444444,0.3074352646,0.3414536243
0.5650000000,0.3238938053,0.3063470938,0.3414405168
0.5675000000,0.3251101322,0.3064002452,0.3438200191
0.5700000000,0.3245614035,0.3041847313,0.3449380757
0.5725000000,0.3257641921,0.3063654490,0.3451629352
0.5750000000,0.3252173913,0.3041700111,0.3462647715
0.5775000000,0.3264069264,0.3027928609,0.3500209919
0.5800000000,0.3293103448,0.3057980641,0.3528226256
0.5825000000,0.3296137339,0.3039457262,0.3552817416
0.5850000000,0.3299145299,0.3051962584,0.3546328014
0.5875000000,0.3302127660,0.3061154932,0.3543100388
0.5900000000,0.3322033898,0.3068071133,0.3575996663
0.5925000000,0.3324894515,0.3067165433,0.3582623596
0.5950000000,0.3336134454,0.3084305830,0.3587963078
0.5975000000,0.3347280335,0.3082373684,0.3612186986
0.6000000000,0.3366666667,0.3091929509,0.3641403825
0.6025000000,0.3377593361,0.3098711122,0.3656475600
0.6050000000,0.3388429752,0.3114517693,0.3662341811
0.6075000000,0.3407407407,0.3148368871,0.3666445944
0.6100000000,0.3418032787,0.3172396670,0.3663668904
0.6125000000,0.3428571429,0.3180290349,0.3676852508
0.6150000000,0.3422764228,0.3159523287,0.3686005168
0.6175000000,0.3441295547,0.3184968868,0.3697622225
0.6200000000,0.3467741935,0.3212448832,0.3723035039
0.6225000000,0.3477911647,0.3198929179,0.3756894114
0.6250000000,0.3496000000,0.3234129560,0.3757870440
0.6275000000,0.3498007968,0.3232992443,0.3763023493
0.6300000000,0.3500000000,0.3243026701,0.3756973299
0.6325000000,0.3517786561,0.3246746500,0.3788826623
0.6350000000,0.3527559055,0.3262950316,0.3792167794
0.6375000000,0.3513725490,0.3250154433,0.3777296548
0.6400000000,0.3507812500,0.3259547916,0.3756077084
0.6425000000,0.3517509728,0.3279346832,0.3755672624
0.6450000000,0.3534883721,0.3300591129,0.3769176312
0.6475000000,0.3544401544,0.3313488580,0.3775314509
0.6500000000,0.3561538462,0.3316627279,0.3806449644
0.6525000000,0.3578544061,0.3348907232,0.3808180891
0.6550000000,0.3587786260,0.3378509933,0.3797062586
0.6575000000,0.3596958175,0.3364228653,0.3829687697
0.6600000000,0.3590909091,0.3352475893,0.3829342289
0.6625000000,0.3600000000,0.3352952415,0.3847047585
0.6650000000,0.3609022556,0.3359824367,0.3858220746
0.6675000000,0.3617977528,0.3366252361,0.3869702695
0.6700000000,0.3641791045,0.3391005151,0.3892576939
0.6725000000,0.3643122677,0.3373974608,0.3912270745
0.6750000000,0.3644444444,0.3381067808,0.3907821081
0.6775000000,0.3630996310,0.3368591543,0.3893401077
0.6800000000,0.3647058824,0.3370512291,0.3923605356
0.6825000000,0.3655677656,0.3383923903,0.3927431408
0.6850000000,0.3656934307,0.3393866032,0.3920002581
0.6875000000,0.3680000000,0.3417888337,0.3942111663
0.6900000000,0.3681159420,0.3423508363,0.3938810477
0.6925000000,0.3696750903,0.3445968829,0.3947532976
0.6950000000,0.3705035971,0.3466594538,0.3943477404
0.6975000000,0.3713261649,0.3470316619,0.3956206678
0.7000000000,0.3721428571,0.3498817721,0.3944039422
0.7025000000,0.3722419929,0.3495811717,0.3949028140
0.7050000000,0.3723404255,0.3480237108,0.3966571403
0.7075000000,0.3724381625,0.3490976241,0.3957787010
0.7100000000,0.3739436620,0.3511418058,0.3967455181
0.7125000000,0.3747368421,0.3513968783,0.3980768059
0.7150000000,0.3748251748,0.3509667632,0.3986835865
0.7175000000,0.3756097561,0.3524324402,0.3987870720
0.7200000000,0.3770833333,0.3543515243,0.3998151424
0.7225000000,0.3785467128,0.3573675210,0.3997259046
0.7250000000,0.3786206897,0.3579977731,0.3992436062
0.7275000000,0.3800687285,0.3599192630,0.4002181941
0.7300000000,0.3801369863,0.3608839971,0.3993899755
0.7325000000,0.3808873720,0.3622701395,0.3995046045
0.7350000000,0.3809523810,0.3618303644,0.4000743975
0.7375000000,0.3823728814,0.3636912333,0.4010545294
0.7400000000,0.3831081081,0.3649198419,0.4012963743
0.7425000000,0.3845117845,0.3664330327,0.4025905363
0.7450000000,0.3852348993,0.3677052004,0.4027645983
0.7475000000,0.3852842809,0.3688298553,0.4017387066
0.7500000000,0.3860000000,0.3701312945,0.4018687055
0.7525000000,0.3873754153,0.3717760973,0.4029747333
0.7550000000,0.3880794702,0.3705393389,0.4056196015
0.7575000000,0.3894389439,0.3708849081,0.4079929797
0.7600000000,0.3888157895,0.3713910538,0.4062405252
0.7625000000,0.3888524590,0.3696278870,0.4080770311
0.7650000000,0.3875816993,0.3684199527,0.4067434460
0.7675000000,0.3882736156,0.3685838799,0.4079633513
0.7700000000,0.3896103896,0.3702765865,0.4089441927
0.7725000000,0.3902912621,0.3700794213,0.4105031030
0.7750000000,0.3916129032,0.3703052504,0.4129205561
0.7775000000,0.3916398714,0.3722033799,0.4110763629
0.7800000000,0.3923076923,0.3711366270,0.4134787577
0.7825000000,0.3936102236,0.3738947040,0.4133257433
0.7850000000,0.3936305732,0.3733513034,0.4139098431
0.7875000000,0.3936507937,0.3743400430,0.4129615443
0.7900000000,0.3936708861,0.3727678089,0.4145739633
0.7925000000,0.3955835962,0.3747464593,0.4164207331
0.7950000000,0.3968553459,0.3748713517,0.4188393401
0.7975000000,0.3968652038,0.3769037908,0.4168266168
0.8000000000,0.3975000000,0.3790129745,0.4159870255
0.8025000000,0.3968847352,0.3778168647,0.4159526057
0.8050000000,0.3981366460,0.3783988406,0.4178744514
0.8075000000,0.3987616099,0.3785294872,0.4189937327
0.8100000000,0.4000000000,0.3785596808,0.4214403192
0.8125000000,0.4000000000,0.3792493485,0.4207506515
0.8150000000,0.4006134969,0.3816458992,0.4195810946
0.8175000000,0.4018348624,0.3821775684,0.4214921564
0.8200000000,0.4036585366,0.3840611733,0.4232558998
0.8225000000,0.4030395137,0.3824371844,0.4236418429
0.8250000000,0.4042424242,0.3842261443,0.4242587042
0.8275000000,0.4042296073,0.3861611910,0.4222980235
0.8300000000,0.4048192771,0.3863831734,0.4232553808
0.8325000000,0.4048048048,0.3882549965,0.4213546131
0.8350000000,0.4059880240,0.3886305761,0.4233454718
0.8375000000,0.4065671642,0.3907548667,0.4223794617
0.8400000000,0.4071428571,0.3907408150,0.4235448993
0.8425000000,0.4071216617,0.3901571205,0.4240862029
0.8450000000,0.4076923077,0.3909786093,0.4244060061
0.8475000000,0.4076696165,0.3914127251,0.4239265079
0.8500000000,0.4082352941,0.3900854187,0.4263851695
0.8525000000,0.4093841642,0.3916202696,0.4271480589
0.8550000000,0.4087719298,0.3920554082,0.4254884514
0.8575000000,0.4093294461,0.3922347100,0.4264241822
0.8600000000,0.4087209302,0.3911119533,0.4263299072
0.8625000000,0.4092753623,0.3929007824,0.4256499422
0.8650000000,0.4098265896,0.3933033226,0.4263498566
0.8675000000,0.4103746398,0.3934769612,0.4272723184
0.8700000000,0.4103448276,0.3931590638,0.4275305913
0.8725000000,0.4097421203,0.3919532378,0.4275310028
0.8750000000,0.4108571429,0.3925259100,0.4291883758
0.8775000000,0.4108262108,0.3909090879,0.4307433337
0.8800000000,0.4125000000,0.3926394598,0.4323605402
0.8825000000,0.4130311615,0.3927637434,0.4332985795
0.8850000000,0.4135593220,0.3922816193,0.4348370247
0.8875000000,0.4140845070,0.3925235748,0.4356454393
0.8900000000,0.4151685393,0.3943289959,0.4360080827
0.8925000000,0.4156862745,0.3950218543,0.4363506948
0.8950000000,0.4162011173,0.3955361254,0.4368661092
0.8975000000,0.4172701950,0.3976439337,0.4368964563
0.9000000000,0.4177777778,0.3964325411,0.4391230145
0.9025000000,0.4188365651,0.3968936617,0.4407794685
0.9050000000,0.4187845304,0.3970100379,0.4405590229
0.9075000000,0.4198347107,0.3974568097,0.4422126118
0.9100000000,0.4192307692,0.3975759168,0.4408856217
0.9125000000,0.4186301370,0.3976048029,0.4396554711
0.9150000000,0.4191256831,0.3992569551,0.4389944110
0.9175000000,0.4196185286,0.3998907819,0.4393462753
0.9200000000,0.4201086957,0.3986892221,0.4415281692
0.9225000000,0.4216802168,0.4003187906,0.4430416430
0.9250000000,0.4221621622,0.4019712170,0.4423531074
0.9275000000,0.4221024259,0.4017997123,0.4424051395
0.9300000000,0.4220430108,0.4027240592,0.4413619623
0.9325000000,0.4230563003,0.4044623119,0.4416502886
0.9350000000,0.4240641711,0.4043390427,0.4437892996
0.9375000000,0.4234666667,0.4034078249,0.4435255085
0.9400000000,0.4239361702,0.4051681914,0.4427041491
0.9425000000,0.4244031830,0.4049183467,0.4438880193
0.9450000000,0.4248677249,0.4064903084,0.4432451414
0.9475000000,0.4248021108,0.4061251349,0.4434790868
0.9500000000,0.4252631579,0.4058494789,0.4446768369
0.9525000000,0.4257217848,0.4070857724,0.4443577971
0.9550000000,0.4261780105,0.4086136577,0.4437423633
0.9575000000,0.4266318538,0.4100060294,0.4432576782
0.9600000000,0.4276041667,0.4115339645,0.4436743689
0.9625000000,0.4280519481,0.4132024665,0.4429014296
0.9650000000,0.4290155440,0.4141696422,0.4438614459
0.9675000000,0.4299741602,0.4155183931,0.4444299273
0.9700000000,0.4304123711,0.4166479413,0.4441768010
0.9725000000,0.4303341902,0.4180545584,0.4426138220
0.9750000000,0.4312820513,0.4192847475,0.4432793550
0.9775000000,0.4327365729,0.4207699528,0.4447031930
0.9800000000,0.4331632653,0.4198371166,0.4464894140
0.9825000000,0.4340966921,0.4211467991,0.4470465851
0.9850000000,0.4345177665,0.4201796191,0.4488559139
0.9875000000,0.4344303797,0.4194205966,0.4494401629
0.9900000000,0.4353535354,0.4210533861,0.4496536846
0.9925000000,0.4357682620,0.4216073732,0.4499291508
0.9950000000,0.4356783920,0.4219727409,0.4493840430
0.9975000000,0.4360902256,0.4234494662,0.4487309850
1.0000000000,0.4370000000,0.4239403743,0.4500596257
