repeat_id,split_seed,image_id,gt_grade,set_id,clinician_id,condition,final_grade,confidence_score,decision_time_sec,correct,ai_shown_pred_grade,ai_shown_prob_top1,confidence_prob_calib
0,0,1,1,test,1,No-assist,1,72.68666534524385,21.24393659951957,1,1,,0.6808474934640568
0,0,1,1,test,1,AI-assist,1,81.0842297817274,17.675218155933617,1,1,0.5,0.7405960202019296
0,0,1,1,test,2,No-assist,2,116.73642272327658,21.66502206480635,1,1,,0.7512569598074065
0,0,1,1,test,2,AI-assist,3,59.25215714718873,15.167659328045012,1,1,0.5,0.6874582876634782
0,0,2,3,test,1,No-assist,4,71.34618706528288,20.27534725501161,0,1,,0.6800835323552665
0,0,2,3,test,1,AI-assist,1,57.02813077579164,25.05674030284644,1,1,0.5,0.599
0,0,2,3,test,2,No-assist,3,73.65592252616425,22.94001890487965,1,3,,0.7620334634540558
0,0,2,3,test,2,AI-assist,3,80.81855458954526,26.105449073310453,1,3,0.5,0.938861377164868
0,0,3,4,test,1,No-assist,4,63.44171128036082,20.22617754037109,0,4,,0.6684073145827608
0,0,3,4,test,1,AI-assist,4,80.24606972808435,20.552856357763883,0,4,0.5,0.5967087159594312
0,0,3,4,test,2,No-assist,4,81.03629521284248,21.87614464783209,0,4,,0.349892643664767
0,0,3,4,test,2,AI-assist,4,81.23220881436842,16.98143527875616,1,4,0.5,0.499
0,0,4,1,test,1,No-assist,1,63.77163846032767,22.45283393950838,0,1,,0.663926643156881
0,0,4,1,test,1,AI-assist,1,80.58456144627678,23.36006354158412,0,1,0.5,0.6899104024089872
0,0,4,1,test,2,No-assist,1,79.67664496496823,20.961894471710465,1,1,,0.7594039797980705
0,0,4,1,test,2,AI-assist,1,80.83600330372664,27.163276209920447,1,1,0.5,0.499
0,0,5,3,test,1,No-assist,3,90.46041047273616,20.263689436382823,0,0,,0.7451318996913732
0,0,5,3,test,1,AI-assist,3,81.76041047273617,10.835311164796009,0,0,0.85,0.4983498194464757
0,0,5,3,test,2,No-assist,3,72.82180401748526,22.90459837886345,0,3,,0.683214150042327
0,0,5,3,test,2,AI-assist,3,80.77180401748525,20.342899475784222,0,3,0.75,0.499
0,0,6,3,test,1,No-assist,3,60.85734697854311,19.81568919364022,0,3,,0.7309845579527701
0,0,6,3,test,1,AI-assist,3,80.10122159407904,10.725631879503744,0,3,0.5,0.747131424230041
0,0,6,3,test,2,No-assist,2,72.6445827140207,19.722526248321795,0,3,,0.6702220451672907
0,0,6,3,test,2,AI-assist,0,57.10090309615994,19.554056293590342,1,3,0.5,0.9725944988044682
0,0,7,1,test,1,No-assist,1,64.6501416173473,20.94104556111101,1,1,,0.3624132603131707
0,0,7,1,test,1,AI-assist,1,80.63379968367335,24.41688551580496,1,1,0.5,0.9752119389932814
0,0,7,1,test,2,No-assist,0,48.53046197992538,23.11223591272028,1,1,,0.3572357163870345
0,0,7,1,test,2,AI-assist,1,50.03659669633705,47.035073883494725,0,1,0.5,0.6710228216996311
0,0,8,2,test,1,No-assist,0,34.59896951968868,20.96270890688237,1,2,,0.6832466800756033
0,0,8,2,test,1,AI-assist,2,49.89576611244647,20.887692238450622,1,2,0.5,0.6757820698909724
0,0,8,2,test,2,No-assist,2,78.85501935193687,22.64413050625051,1,2,,0.7515925226124233
0,0,8,2,test,2,AI-assist,2,80.78995293195248,27.9865677406152,1,2,0.5,0.599
0,0,9,0,test,1,No-assist,0,78.53476443668524,20.21283064320912,1,0,,0.6933690271560936
0,0,9,0,test,1,AI-assist,4,86.80476443668522,20.23426521036096,0,0,0.75,0.8175613557010362
0,0,9,0,test,2,No-assist,0,99.42037880723358,22.328129883436468,1,2,,0.6843735716412598
0,0,9,0,test,2,AI-assist,1,87.33535879406762,23.134354619388212,1,2,0.5,0.6734122545679524
0,0,10,2,test,1,No-assist,2,66.44885375870714,19.75452280229663,1,2,,0.694486690858695
0,0,10,2,test,1,AI-assist,2,80.73461368157038,19.826481904301765,1,2,0.5,0.599
0,0,10,2,test,2,No-assist,3,45.32436010867063,19.784846678851924,1,2,,0.834194498804468
0,0,10,2,test,2,AI-assist,2,49.85690149115428,18.821276967531112,0,2,0.5,0.7310296940334631
0,0,11,1,test,1,No-assist,1,67.05393786819202,22.053336384346167,1,1,,0.6987534650279819
0,0,11,1,test,1,AI-assist,1,80.76852736166322,23.20002984015984,1,1,0.5,0.699
0,0,11,1,test,2,No-assist,1,73.58744983337017,22.95041817864319,1,1,,0.8313374857520688
0,0,11,1,test,2,AI-assist,1,80.4947168404421,16.143331165250274,1,1,0.5,0.9779386228351324
0,0,12,0,test,1,No-assist,1,37.00685174353437,19.83332591074497,1,0,,0.699
0,0,12,0,test,1,AI-assist,0,50.0307228005509,19.65554238922713,1,0,0.5,0.699
0,0,12,0,test,2,No-assist,0,73.18992902728773,21.673162309476226,1,0,,0.6729196681184668
0,0,12,0,test,2,AI-assist,0,80.47243664296806,29.37868202864478,1,0,0.5,0.8070057025106684
0,0,13,2,test,1,No-assist,2,114.2096359535506,21.46425788978728,1,3,,0.3626082479370382
0,0,13,2,test,1,AI-assist,4,86.88426526807439,22.50680639579051,1,3,0.5,0.499
0,0,13,2,test,2,No-assist,3,32.3645277221261,22.736983677846894,1,4,,0.6974544636409244
0,0,13,2,test,2,AI-assist,2,51.050530392121466,34.93828715830175,1,4,0.5,0.6815119831118042
0,0,14,1,test,1,No-assist,1,66.11859509232768,22.130707822932663,1,1,,0.8058055011955318
0,0,14,1,test,1,AI-assist,1,80.71610338426808,22.86340650347629,1,1,0.5,0.9470625142479312
0,0,14,1,test,2,No-assist,2,51.81314502430359,22.8905320809936,0,1,,0.665676660106152
0,0,14,1,test,2,AI-assist,1,50.22058411373583,22.102648860429472,0,1,0.5,0.6728305470716239
0,0,15,0,test,1,No-assist,2,34.68314726880244,19.95668103232277,1,4,,0.6790812764986737
0,0,15,0,test,1,AI-assist,0,49.9004840966236,26.609814787788743,1,4,0.5,0.82951347760846
0,0,15,0,test,2,No-assist,3,61.60290362616598,20.460555458850315,0,0,,0.672344990794082
0,0,15,0,test,2,AI-assist,0,50.76927930537146,33.78112676262082,1,0,0.5,0.499
0,0,16,1,test,1,No-assist,4,35.70016546641382,22.17814569795867,1,1,,0.3594455020536868
0,0,16,1,test,1,AI-assist,1,49.957485808057946,18.20599821474541,1,1,0.5,0.499
0,0,16,1,test,2,No-assist,1,90.46041047273616,20.118357131635435,0,1,,0.6754286283820117
0,0,16,1,test,2,AI-assist,1,81.44041047273618,17.99681799094796,0,1,0.85,0.690626855780569
0,0,17,0,test,1,No-assist,1,36.76409380807681,21.12186749858711,1,0,,0.3552037167463245
0,0,17,0,test,1,AI-assist,0,50.01711673350327,24.502152543400143,1,0,0.5,0.9591567625745592
0,0,17,0,test,2,No-assist,0,89.14136834691388,22.647166185556664,1,0,,0.7670123415578503
0,0,17,0,test,2,AI-assist,0,81.36648096114783,11.984688511645329,1,0,0.5,0.5899151531475618
0,0,18,3,test,1,No-assist,4,37.968960183830255,21.59937637709848,1,1,,0.6889320616578467
0,0,18,3,test,1,AI-assist,3,50.08464693662938,24.613098067193285,1,1,0.5,0.7548681003086269
0,0,18,3,test,2,No-assist,0,54.49531761579476,21.47618613704101,1,3,,0.6962821557774241
0,0,18,3,test,2,AI-assist,3,50.37091419478687,16.87326737597025,0,3,0.5,0.5953508748728855
0,0,19,1,test,1,No-assist,1,69.74178775511652,20.17111354176171,1,1,,0.699
0,0,19,1,test,1,AI-assist,1,80.91917564307366,19.209248703572737,1,1,0.5,0.6713013984650926
0,0,19,1,test,2,No-assist,1,81.64488667313115,22.06929470275657,1,1,,0.7695386228351322
0,0,19,1,test,2,AI-assist,1,80.94631907402972,15.036754057846727,1,1,0.5,0.9425718530599148
0,0,20,3,test,1,No-assist,3,72.70699398376833,20.845847039779027,1,3,,0.685656707480658
0,0,20,3,test,1,AI-assist,3,81.08536915877076,17.013750004985024,1,3,0.5,0.499
0,0,20,3,test,2,No-assist,1,38.47069118221184,20.52755411883626,1,3,,0.7595134776084601
0,0,20,3,test,2,AI-assist,3,49.47276789420378,17.53514811455695,1,3,0.5,0.6937954238976599
0,0,21,2,test,1,No-assist,3,45.208789115589184,21.60734654670673,1,2,,0.6639428084031834
0,0,21,2,test,1,AI-assist,2,50.49042398228247,23.527207203785927,0,2,0.5,0.8199999999999998
0,0,21,2,test,2,No-assist,3,25.84519691904981,23.14783864215384,0,2,,0.9109798088142256
0,0,21,2,test,2,AI-assist,2,48.76513573737997,27.162422281187084,1,2,0.5,0.9708397623626764
0,0,22,1,test,1,No-assist,1,68.25772151768082,23.28667365832393,1,1,,0.8244065783803951
0,0,22,1,test,1,AI-assist,1,80.83599688028019,27.764483567269647,1,1,0.5,0.7329876584421499
0,0,22,1,test,2,No-assist,1,100.39102633166996,19.53214778429873,1,1,,0.7690154420472299
0,0,22,1,test,2,AI-assist,4,87.38976152768865,13.517014478011767,1,1,0.5,0.9425467566378783
0,0,23,1,test,1,No-assist,1,77.70497739798547,19.90525846989266,1,4,,0.6910755725627031
0,0,23,1,test,1,AI-assist,1,81.3654955213078,12.796627193984492,1,4,0.5,0.499
0,0,23,1,test,2,No-assist,1,51.89784474908269,21.07309115266106,0,1,,0.928848620618675
0,0,23,1,test,2,AI-assist,1,79.27906050996216,18.89771186148439,1,1,0.5,0.7528685757699592
0,0,24,4,test,1,No-assist,3,54.16018190917763,19.4290699582573,1,4,,0.6791723370212065
0,0,24,4,test,1,AI-assist,4,50.99213054973036,18.87647064303432,0,4,0.5,0.4901944790494149
0,0,24,4,test,2,No-assist,4,30.99745633402732,22.29128717169803,1,4,,0.3427642836129654
0,0,24,4,test,2,AI-assist,4,78.10763809874189,22.465604145440956,0,4,0.5,0.4921882110662688
0,0,25,0,test,1,No-assist,0,60.39052409103069,21.784108849137453,0,0,,0.6733846851438191
0,0,25,0,test,1,AI-assist,0,80.07505716202913,20.75628904334213,0,0,0.5,0.6751254912249446
0,0,25,0,test,2,No-assist,1,64.26285180984074,20.45735105815509,0,0,,0.6720175100860198
0,0,25,0,test,2,AI-assist,0,51.23836375553397,15.179130158953281,1,0,0.5,0.599
0,0,26,2,test,1,No-assist,2,65.95950335389581,22.11666346987531,1,2,,0.699
0,0,26,2,test,1,AI-assist,2,80.70718662998877,16.914075059271042,1,2,0.5,0.699
0,0,26,2,test,2,No-assist,2,64.28221134140279,19.68986167068651,1,2,,0.6959844934171945
0,0,26,2,test,2,AI-assist,2,79.97317797260996,13.15126492558894,1,2,0.5,0.499
0,0,27,0,test,1,No-assist,0,33.72068078946968,23.083289582636915,1,4,,0.2978423332011979
0,0,27,0,test,1,AI-assist,0,78.58026904963803,18.62497472974376,0,4,0.5,0.499
0,0,27,0,test,2,No-assist,0,76.12329516245465,22.07926634332465,1,0,,0.8336889469434912
0,0,27,0,test,2,AI-assist,0,80.95684558900344,21.027390167484448,1,0,0.5,0.499
0,0,28,1,test,1,No-assist,2,34.25512279484664,21.90087114530621,1,1,,0.3502284305310285
0,0,28,1,test,1,AI-assist,1,49.87649423330692,12.6139540788411,1,1,0.5,0.95806777277587
0,0,28,1,test,2,No-assist,3,35.42669578557195,19.455331334375938,1,1,,0.6832575208691115
0,0,28,1,test,2,AI-assist,1,49.30215841286482,24.37866484471603,1,1,0.5,0.499
0,0,29,0,test,1,No-assist,0,38.88529781517623,22.204989104784865,1,0,,0.7595768003174951
0,0,29,0,test,1,AI-assist,0,78.86973487243223,14.671557537011562,0,0,0.5,0.7309845579527702
0,0,29,0,test,2,No-assist,1,43.83474965817952,20.79976403249778,0,0,,0.3375867396868292
0,0,29,0,test,2,AI-assist,0,50.0934119869862,15.753889699702238,0,0,0.5,0.6905889053505386
0,0,30,1,test,1,No-assist,0,8.998090408656271,20.001842162608632,0,1,,0.6636480663914195
0,0,30,1,test,1,AI-assist,1,48.14089117414143,9.948812620584738,0,1,0.5,0.3502284305310285
0,0,30,1,test,2,No-assist,1,75.91551566578552,21.89280484413556,1,3,,0.698227380164561
0,0,30,1,test,2,AI-assist,1,80.9451999892109,15.859474537901082,1,3,0.5,0.599
0,0,31,3,test,1,No-assist,3,45.87764763205867,21.197682316046425,1,0,,0.6877489634280899
0,0,31,3,test,1,AI-assist,3,79.26164123895161,16.63746728049926,1,0,0.5,0.699
0,0,31,3,test,2,No-assist,3,74.0209705760347,21.259530259210848,1,3,,0.6832900509023878
0,0,31,3,test,2,AI-assist,3,80.83901475795449,18.93795727802176,1,3,0.5,0.4952867170947787
0,0,32,0,test,1,No-assist,0,50.17085873911864,19.76835521093697,0,0,,0.6731351737886212
0,0,32,0,test,1,AI-assist,0,79.50226660949673,15.75108239254508,1,0,0.5,0.699
0,0,32,0,test,2,No-assist,0,68.75354858323863,21.603001041528607,1,1,,0.9323539770791266
0,0,32,0,test,2,AI-assist,0,80.54378693495045,22.16762778132458,1,1,0.5,0.699
0,0,33,3,test,1,No-assist,2,20.05857031662504,20.72268207942681,0,3,,0.6787552375166249
0,0,33,3,test,1,AI-assist,3,48.760807597977504,16.381463144255957,0,3,0.5,0.5880159810247667
0,0,33,3,test,2,No-assist,0,42.162624452136114,20.530916522859066,0,3,,0.3317604752297383
0,0,33,3,test,2,AI-assist,3,49.99969291814274,16.04378694218912,1,3,0.5,0.9459602376373238
0,0,34,4,test,1,No-assist,4,52.06364254216102,21.36402999617933,0,0,,0.7404231996825049
0,0,34,4,test,1,AI-assist,4,79.60835312437133,22.675058099649263,1,0,0.5,0.7363504973971128
0,0,34,4,test,2,No-assist,1,42.71313049385186,22.98442013271386,0,4,,0.8196677727758697
0,0,34,4,test,2,AI-assist,4,50.03054761337479,20.01527727622509,0,4,0.5,0.9415880610067188
0,0,35,3,test,1,No-assist,3,134.81479407162834,20.545504487309497,1,3,,0.6801090383242697
0,0,35,3,test,1,AI-assist,0,88.03914064775233,18.35349423733932,1,3,0.5,0.9673344059022247
0,0,35,3,test,2,No-assist,3,55.38401401210314,20.8901406853868,1,3,,0.7636495026028873
0,0,35,3,test,2,AI-assist,3,81.39445289803223,18.251787715947565,1,3,0.5,0.977274860170426
0,0,36,4,test,1,No-assist,2,22.07012547119248,20.84447982543752,0,0,,0.9191574521418912
0,0,36,4,test,1,AI-assist,4,48.87355099502215,15.170982467729948,1,0,0.5,0.599
0,0,36,4,test,2,No-assist,0,42.66870696799303,22.702417346982948,0,4,,0.6639802792887137
0,0,36,4,test,2,AI-assist,4,50.02805776903587,15.17142895704784,0,4,0.5,0.5871179969103474
0,0,37,1,test,1,No-assist,3,22.78952077136761,21.709580891469905,0,1,,0.6678364031052701
0,0,37,1,test,1,AI-assist,1,48.913871574736575,16.538288816400787,1,1,0.5,0.599
0,0,37,1,test,2,No-assist,0,42.61462184040369,21.54823122946476,0,1,,0.7416284083089414
0,0,37,1,test,2,AI-assist,1,50.02502641242595,18.9852720682961,0,1,0.5,0.6713550345969254
0,0,38,0,test,1,No-assist,0,108.71100940420504,20.435200633532304,1,0,,0.6667358934473472
0,0,38,0,test,1,AI-assist,4,86.57607892038936,12.76405137981111,1,0,0.5,0.941387020063314
0,0,38,0,test,2,No-assist,0,60.91876984021529,21.65450738317548,0,0,,0.6825356471007755
0,0,38,0,test,2,AI-assist,0,81.70466421511054,16.833088536466832,0,0,0.5,0.7416284083089415
0,0,39,3,test,1,No-assist,3,53.543566870509125,19.485854834719568,0,0,,0.3376738356292554
0,0,39,3,test,1,AI-assist,3,79.69129974195133,18.20174259734115,1,0,0.5,0.599
0,0,39,3,test,2,No-assist,2,43.02195290782957,23.22518665830179,0,3,,0.6784519400701294
0,0,39,3,test,2,AI-assist,3,50.04785645422676,35.04473630822343,0,3,0.5,0.599
0,0,40,3,test,1,No-assist,0,23.940224053065787,20.36533117473892,0,0,,0.8041467566378782
0,0,40,3,test,1,AI-assist,3,48.97836605139783,17.878559510110456,1,0,0.5,0.7515925226124234
0,0,40,3,test,2,No-assist,4,41.45113512614788,21.118011633176742,0,4,,0.8063110530565087
0,0,40,3,test,2,AI-assist,3,49.95981545150168,16.90506338919321,1,4,0.5,0.8320334634540556
0,0,41,0,test,1,No-assist,3,25.15586206769934,22.939490069202463,0,0,,0.7370057025106685
0,0,41,0,test,1,AI-assist,0,49.04649998202121,33.783258134005195,1,0,0.5,0.699
0,0,41,0,test,2,No-assist,0,66.22326107851248,21.09643605435374,1,1,,0.699
0,0,41,0,test,2,AI-assist,0,80.40196969064834,24.44943897437415,1,1,0.5,0.8224386442989635
0,0,42,0,test,1,No-assist,1,25.20583264491345,22.13069316112725,0,0,,0.8155934216196048
0,0,42,0,test,1,AI-assist,0,49.04930072681541,32.28302676886682,1,0,0.5,0.94145648170346
0,0,42,0,test,2,No-assist,0,66.05740910646114,21.896780732349665,1,0,,0.7363504973971127
0,0,42,0,test,2,AI-assist,0,80.39267403962273,24.53218397296646,1,0,0.5,0.699
0,0,43,4,test,1,No-assist,4,58.58749340748349,20.18966577898741,1,4,,0.7548681003086268
0,0,43,4,test,1,AI-assist,4,79.97400111900825,28.97080925387696,1,4,0.5,0.699
0,0,43,4,test,2,No-assist,2,34.13754365059362,19.44059042058714,1,4,,0.3582481540880221
0,0,43,4,test,2,AI-assist,4,49.5499041718241,12.648934134594725,1,4,0.5,0.499
0,0,44,0,test,1,No-assist,2,31.51544786438791,22.538848465902177,1,0,,0.7484074773875767
0,0,44,0,test,1,AI-assist,0,49.402941268200976,35.569705628777754,1,0,0.5,0.499
0,0,44,0,test,2,No-assist,0,46.763592604084,22.229865603200075,1,0,,0.6705197075275203
0,0,44,0,test,2,AI-assist,0,79.31129657428455,14.974289111711128,1,0,0.5,0.9576432374254412
0,0,45,0,test,1,No-assist,0,64.17285701640515,19.812662118733662,0,0,,0.3497715694689714
0,0,45,0,test,1,AI-assist,0,80.60704889478984,11.718425707585707,1,0,0.5,0.599
0,0,45,0,test,2,No-assist,0,47.45182159184992,21.831227783935752,1,2,,0.3682395247702616
0,0,45,0,test,2,AI-assist,0,79.02987034833652,17.601124298307887,1,2,0.5,0.5984212809478449
0,0,46,0,test,1,No-assist,2,35.011283295220544,21.86042456275896,1,1,,0.6775721392868681
0,0,46,0,test,1,AI-assist,0,49.91887542446122,25.99370521366219,1,1,0.5,0.76901544204723
0,0,46,0,test,2,No-assist,1,18.091754377629385,20.988995562830844,0,0,,0.8011251398295742
0,0,46,0,test,2,AI-assist,0,48.33057173901016,25.49797896831095,0,0,0.5,0.8104865223915397
0,0,47,4,test,1,No-assist,4,66.05612145623293,22.11513424908064,1,2,,0.7589007963627303
0,0,47,4,test,1,AI-assist,4,80.71260186956039,26.07825927260313,1,2,0.5,0.499
0,0,47,4,test,2,No-assist,0,20.313221119038428,22.968399467614933,0,3,,0.6660374992597408
0,0,47,4,test,2,AI-assist,4,48.45508023497632,18.85507309786737,0,3,0.5,0.6767922348904137
0,0,48,1,test,1,No-assist,1,65.72752928277978,19.44290589385948,1,1,,0.6858339016029502
0,0,48,1,test,1,AI-assist,1,80.69418497564956,21.30060636583851,1,1,0.5,0.6730514154143636
0,0,48,1,test,2,No-assist,4,22.634432995447256,21.28091978046216,0,1,,0.907474452353774
0,0,48,1,test,2,AI-assist,1,48.58517923405794,16.594977981623174,1,1,0.5,0.699
0,0,49,0,test,1,No-assist,1,42.04298752213632,22.57492850184732,0,3,,0.3373917520629617
0,0,49,0,test,1,AI-assist,0,50.312987522136304,34.8940724587181,1,3,0.75,0.8187430401925934
0,0,49,0,test,2,No-assist,2,20.19652947748567,20.79632667777372,0,2,,0.6694174795822021
0,0,49,0,test,2,AI-assist,0,48.44853991613619,4.532596871559701,0,2,0.5,0.5858101328858256
0,0,50,0,test,1,No-assist,0,71.95013090954872,22.631190076373223,0,0,,0.8041718530599146
0,0,50,0,test,1,AI-assist,0,81.04294858984358,39.51057101694134,1,0,0.5,0.9720889469434912
0,0,50,0,test,2,No-assist,1,0.0,21.275343957381263,0,0,,0.3432387640731323
0,0,50,0,test,2,AI-assist,0,48.526250659600734,18.87060443139095,0,0,0.5,0.676424492612002
0,0,51,2,test,1,No-assist,2,82.4936042208196,22.396341752300216,1,3,,0.3567612359268676
0,0,51,2,test,1,AI-assist,2,81.63388789124087,28.505864954028688,1,3,0.5,0.9679043152219536
0,0,51,2,test,2,No-assist,0,20.20245677497105,21.26060901797868,0,3,,0.3417518459119779
0,0,51,2,test,2,AI-assist,2,48.448872128580014,22.975803491490574,0,3,0.5,0.943150088805298
0,0,52,3,test,1,No-assist,1,49.45461478042402,20.76152620199372,1,3,,0.699
0,0,52,3,test,1,AI-assist,3,50.72839349936279,24.60750922724278,0,3,0.5,0.3497715694689714
0,0,52,3,test,2,No-assist,4,21.238649336469663,20.14445272201776,0,3,,0.7379665365459442
0,0,52,3,test,2,AI-assist,3,48.50694852241416,22.78248297252378,0,3,0.5,0.9494655940977754
0,0,53,3,test,1,No-assist,3,90.46041047273616,20.92361912137437,1,3,,0.698096886361954
0,0,53,3,test,1,AI-assist,3,81.76041047273617,13.814844279119646,1,3,0.85,0.7583715916910587
0,0,53,3,test,2,No-assist,3,49.85677567444593,19.47641380074441,1,3,,0.9206709772910092
0,0,53,3,test,2,AI-assist,3,79.48466292033864,20.883257483475138,1,3,0.5,0.499
0,0,54,4,test,1,No-assist,4,57.45241746903396,21.98698393736708,1,4,,0.6906375467306466
0,0,54,4,test,1,AI-assist,4,79.91038252176826,14.496865374491309,1,4,0.5,0.7594039797980706
0,0,54,4,test,2,No-assist,0,82.94711720988295,22.81975703034453,1,0,,0.35913370730876
0,0,54,4,test,2,AI-assist,3,57.67833828832744,19.27228142079224,1,0,0.5,0.944205501195532
0,0,55,4,test,1,No-assist,4,82.77458204326635,19.94129680608335,1,4,,0.699
0,0,55,4,test,1,AI-assist,4,81.64963610183551,23.68687705496814,1,4,0.5,0.7670123415578504
0,0,55,4,test,2,No-assist,4,53.597910851396094,21.895313750810065,1,3,,0.6864206685894483
0,0,55,4,test,2,AI-assist,4,79.37434560673918,19.648647227676797,1,3,0.5,0.699
0,0,56,0,test,1,No-assist,2,65.92221855698631,19.936960665264483,1,0,,0.6844191764855294
0,0,56,0,test,1,AI-assist,0,51.33136773983503,18.933122572259816,1,0,0.5,0.599
0,0,56,0,test,2,No-assist,4,20.00518659566936,23.11403755034533,0,0,,0.7304613771648678
0,0,56,0,test,2,AI-assist,0,48.75781555372072,28.60150585951337,0,0,0.5,0.4897882504753224
0,0,57,4,test,1,No-assist,3,66.44015888764986,23.20965085823033,1,2,,0.3501073563352329
0,0,57,4,test,1,AI-assist,4,51.36039719608078,14.634574547092557,1,2,0.5,0.599
0,0,57,4,test,2,No-assist,3,19.986744827273657,21.09976898357909,0,4,,0.667750735916733
0,0,57,4,test,2,AI-assist,4,48.75678193174336,18.516734818019724,0,4,0.5,0.5914311938327438
0,0,58,4,test,1,No-assist,2,45.70393306804204,19.626302624468284,1,4,,0.6791949394474645
0,0,58,4,test,1,AI-assist,4,50.518175749913055,16.736527123811193,0,4,0.5,0.6807594404520307
0,0,58,4,test,2,No-assist,4,125.35415313859455,22.618774847843785,1,4,,0.6658379093329279
0,0,58,4,test,2,AI-assist,0,88.78889180292796,8.680612039437204,1,4,0.5,0.699
0,0,59,0,test,1,No-assist,0,96.89317421089554,21.52003180679006,1,4,,0.7569839562538235
0,0,59,0,test,1,AI-assist,0,82.12095322722091,23.634407938882585,1,4,0.5,0.8212569598074063
0,0,59,0,test,2,No-assist,3,24.29537083281961,20.10488532177439,0,0,,0.8113350904371426
0,0,59,0,test,2,AI-assist,0,48.998271274631705,27.466127214293422,1,0,0.5,0.4930751413664725
0,0,60,1,test,1,No-assist,0,47.58864168959412,19.8720614036997,1,0,,0.6978691353745725
0,0,60,1,test,1,AI-assist,1,50.62380966800406,24.77349596771221,0,0,0.5,0.6775968004755023
0,0,60,1,test,2,No-assist,3,91.38914958344344,22.167213129065324,1,1,,0.6865565621655392
0,0,60,1,test,2,AI-assist,4,57.83149628531052,15.36918758986852,1,1,0.5,0.9754129799366862
0,0,61,2,test,1,No-assist,0,60.68927997161935,22.642698462910506,0,2,,0.7487430401925935
0,0,61,2,test,1,AI-assist,2,51.03807263862904,21.7463098543816,1,2,0.5,0.499
0,0,61,2,test,2,No-assist,2,65.38609329266133,22.154057005850618,1,2,,0.3447962832536754
0,0,61,2,test,2,AI-assist,2,80.35504821307468,32.25309785721622,1,2,0.5,0.9753435182965404
0,0,62,3,test,1,No-assist,1,63.26962836638301,22.82350388205769,0,3,,0.3408662926912399
0,0,62,3,test,1,AI-assist,3,51.18269568956742,21.186969058058864,1,3,0.5,0.9387137177316022
0,0,62,3,test,2,No-assist,1,34.96268458568095,19.924545101602344,1,2,,0.768970305966537
0,0,62,3,test,2,AI-assist,3,49.5961515699385,32.64386908391272,1,2,0.5,0.8110992036372695
0,0,63,1,test,1,No-assist,3,59.19643426179739,19.929439592135,1,1,,0.682130629303455
0,0,63,1,test,1,AI-assist,1,50.95440180504205,19.35152787546053,0,1,0.5,0.4984634823952665
0,0,63,1,test,2,No-assist,4,41.98003388346272,19.446083643457904,0,1,,0.731029694033463
0,0,63,1,test,2,AI-assist,1,49.98945910430283,24.388221294061417,1,1,0.5,0.7569839562538236
0,0,64,0,test,1,No-assist,3,63.63654282348111,23.21383185639757,0,0,,0.3431944499350678
0,0,64,0,test,1,AI-assist,0,51.20326046614046,23.90353456873358,1,0,0.5,0.8329942974893313
0,0,64,0,test,2,No-assist,3,42.04298752213632,22.526154578590727,0,0,,0.7303277246601521
0,0,64,0,test,2,AI-assist,0,49.9929875221363,28.78141939504405,1,0,0.75,0.699
0,0,65,4,test,1,No-assist,2,49.236464853820095,20.19295397708467,1,4,,0.6839685538439393
0,0,65,4,test,1,AI-assist,4,50.71616665898284,13.612118156458529,0,4,0.5,0.4951351971618702
0,0,65,4,test,2,No-assist,1,90.4964558593833,22.620631871218567,1,3,,0.693584532826248
0,0,65,4,test,2,AI-assist,2,57.78146269674973,36.1867746057314,1,3,0.5,0.599
0,0,66,1,test,1,No-assist,0,62.96560317422322,21.80473409633172,0,1,,0.3405544979463131
0,0,66,1,test,1,AI-assist,1,51.16565572281661,25.95110874760337,1,1,0.5,0.9497350904371428
0,0,66,1,test,2,No-assist,0,46.84385669104731,22.24147722317876,1,1,,0.6863951626204451
0,0,66,1,test,2,AI-assist,1,50.26206604958355,15.266831892286293,0,1,0.5,0.5895569083575734
0,0,67,2,test,1,No-assist,2,102.06813032212916,21.491085175855208,1,2,,0.6880522608745854
0,0,67,2,test,1,AI-assist,4,87.80375964683154,36.28931302109287,1,2,0.5,0.4957150933552273
0,0,67,2,test,2,No-assist,2,78.76628084641274,21.91206613066872,1,2,,0.7583715916910586
0,0,67,2,test,2,AI-assist,2,81.1049793270584,23.887626635205958,1,2,0.5,0.499
0,0,68,2,test,1,No-assist,2,113.81344274241232,21.4245487547876,1,2,,0.699
0,0,68,2,test,1,AI-assist,4,86.86205947947926,26.295071657247416,1,2,0.5,0.599
0,0,68,2,test,2,No-assist,3,81.58817569510053,19.67628401468944,1,2,,0.6806702993417646
0,0,68,2,test,2,AI-assist,1,59.20217250067122,20.66157686907473,1,2,0.5,0.9752638573992032
0,0,69,1,test,1,No-assist,1,78.93741916711113,19.74398329407527,1,0,,0.3568055500649321
0,0,69,1,test,1,AI-assist,1,81.4345712667058,10.083452434208017,1,0,0.5,0.953993421619605
0,0,69,1,test,2,No-assist,0,52.593595028600085,23.092520679972026,0,4,,0.7475613557010363
0,0,69,1,test,2,AI-assist,1,50.26432668003241,15.916406608441557,0,4,0.5,0.4899123954831212
0,0,70,2,test,1,No-assist,0,53.2686247805881,22.680564614654458,0,2,,0.3428272020413778
0,0,70,2,test,1,AI-assist,2,50.94216066493336,23.53839757846384,0,2,0.5,0.4968406822346701
0,0,70,2,test,2,No-assist,4,52.84496603917895,22.51035487909212,0,2,,0.8086625142479311
0,0,70,2,test,2,AI-assist,2,50.27841549166,38.16458980992318,0,2,0.5,0.6797197461022937
0,0,71,3,test,1,No-assist,1,44.1948011626873,19.603940371216904,0,3,,0.7471314242300409
0,0,71,3,test,1,AI-assist,3,50.43359210963264,8.354029773132057,0,3,0.5,0.9488956847780464
0,0,71,3,test,2,No-assist,3,85.81567443132143,21.544830153473782,1,3,,0.6682768207801538
0,0,71,3,test,2,AI-assist,3,81.1800828757047,16.35142577690337,1,3,0.5,0.499
0,0,72,0,test,1,No-assist,0,79.55421063643927,21.38938040824164,1,0,,0.8286649095628573
0,0,72,0,test,1,AI-assist,0,81.46914111946988,9.704989013854233,1,0,0.5,0.9670649095628576
0,0,72,0,test,2,No-assist,0,72.82180401748526,21.266317982394977,0,0,,0.7410992036372697
0,0,72,0,test,2,AI-assist,0,80.45180401748524,15.223903167954564,0,0,0.75,0.4984408799690086
0,0,73,3,test,1,No-assist,4,44.4787506356489,22.275489066772675,1,3,,0.7405960202019295
0,0,73,3,test,1,AI-assist,3,50.44950687493153,26.04825020764036,0,3,0.5,0.499
0,0,73,3,test,2,No-assist,2,55.699399381417024,20.289649048769988,1,3,,0.6893630075742895
0,0,73,3,test,2,AI-assist,3,50.4384004221804,21.421998136132867,0,3,0.5,0.7451318996913733
0,0,74,4,test,1,No-assist,3,63.58324017280669,21.713643198569976,0,4,,0.6654557917634123
0,0,74,4,test,1,AI-assist,1,56.5930340787174,21.800382227552653,1,4,0.5,0.6906648062105994
0,0,74,4,test,2,No-assist,1,83.98850050937372,21.71312862539241,1,4,,0.8388748601704257
0,0,74,4,test,2,AI-assist,0,57.73670561200911,28.991807217068555,1,4,0.5,0.7430160437461766
0,0,75,0,test,1,No-assist,1,42.04298752213632,19.85327605481949,0,0,,0.901
0,0,75,0,test,1,AI-assist,0,50.312987522136304,14.66192622799361,1,0,0.75,0.499
0,0,75,0,test,2,No-assist,3,58.13345315409166,19.950696580165385,1,0,,0.7629942974893315
0,0,75,0,test,2,AI-assist,0,50.57482397004961,15.08674696267378,0,0,0.5,0.9415361426007972
0,0,76,0,test,1,No-assist,2,44.879303126663366,21.837106296618288,1,0,,0.6820850244591854
0,0,76,0,test,1,AI-assist,0,50.47195699191148,8.766674490745471,0,0,0.5,0.499
0,0,76,0,test,2,No-assist,2,56.12970555734898,20.27821562756544,1,0,,0.8369435182965401
0,0,76,0,test,2,AI-assist,0,50.4625181700501,14.850126995056288,0,0,0.5,0.4957594074932918
0,0,77,2,test,1,No-assist,2,77.34542489169306,20.071167932991752,1,2,,0.3571727979586221
0,0,77,2,test,1,AI-assist,2,81.34534336645225,12.17739462160489,1,2,0.5,0.974253243362122
0,0,77,2,test,2,No-assist,3,83.21919627869937,21.07692350840304,1,2,,0.3623261643707445
0,0,77,2,test,2,AI-assist,0,57.37358774266801,23.03273524720878,1,2,0.5,0.499
0,0,78,0,test,1,No-assist,1,44.2902333906203,22.138625822690496,1,0,,0.699
0,0,78,0,test,1,AI-assist,0,50.43894088346082,21.3160056380495,0,0,0.5,0.599
0,0,78,0,test,2,No-assist,2,59.83719754918215,20.96207283750797,1,0,,0.6873318639235083
0,0,78,0,test,2,AI-assist,0,50.67031522732989,11.937835239132914,0,0,0.5,0.499
0,0,79,4,test,1,No-assist,3,48.44451208785297,19.489655931960204,1,4,,0.8358281469400853
0,0,79,4,test,1,AI-assist,4,50.67177938730833,18.256834031852414,0,4,0.5,0.499
0,0,79,4,test,2,No-assist,2,48.38699055185822,23.238401134845184,1,4,,0.6771411933704253
0,0,79,4,test,2,AI-assist,4,50.0285554273008,17.730508076296577,0,4,0.5,0.6813130589116861
0,0,80,0,test,1,No-assist,3,61.8190118906151,21.96813583460516,0,0,,0.8030564817034598
0,0,80,0,test,1,AI-assist,2,56.49415282793743,25.248031036875524,1,0,0.5,0.6793922653942315
0,0,80,0,test,2,No-assist,3,76.23293997569728,19.367438964305315,1,0,,0.6799476387791756
0,0,80,0,test,2,AI-assist,3,57.30202290466863,13.775413975264184,1,0,0.5,0.969737485752069
0,0,81,2,test,1,No-assist,3,80.60701482281446,20.0585084071321,0,2,,0.6741372278035925
0,0,81,2,test,1,AI-assist,0,55.94718051621698,29.603659918017,1,2,0.5,0.699
0,0,81,2,test,2,No-assist,4,43.058533124864496,23.032013562258044,0,2,,0.674070787295466
0,0,81,2,test,2,AI-assist,2,51.64990669775292,19.99740081607534,0,2,0.5,0.585222895980603
0,0,82,0,test,1,No-assist,3,98.53629990847456,19.621394169971005,1,0,,0.6941592101506328
0,0,82,0,test,1,AI-assist,4,56.95207889175964,16.621146045213642,1,0,0.5,0.699
0,0,82,0,test,2,No-assist,1,38.17716224973907,21.98128211594233,1,0,,0.6651021115318317
0,0,82,0,test,2,AI-assist,0,51.37631622053093,19.76749171041935,1,0,0.5,0.6805099290968328
0,0,83,3,test,1,No-assist,0,39.62672208280171,22.18704617876208,1,3,,0.6924334136492488
0,0,83,3,test,1,AI-assist,3,50.17756097259645,25.632633000075582,1,3,0.5,0.499
0,0,83,3,test,2,No-assist,4,79.24375094023405,20.985091897525816,1,3,,0.3572339263253807
0,0,83,3,test,2,AI-assist,2,57.150772469019564,35.444870382236914,1,3,0.5,0.9742281469400856
0,0,84,1,test,1,No-assist,4,51.60748002631597,21.72799867298965,0,1,,0.6690497373037904
0,0,84,1,test,1,AI-assist,1,50.84905702710653,20.41408291481089,0,1,0.5,0.5882215380199639
0,0,84,1,test,2,No-assist,3,38.27442684722162,20.16989275074416,1,1,,0.699
0,0,84,1,test,2,AI-assist,1,49.46176769478331,26.25956923599736,1,1,0.5,0.9736499111947022
0,0,85,3,test,1,No-assist,1,89.85576688329132,21.90285569920648,1,4,,0.699
0,0,85,3,test,1,AI-assist,2,56.46555343945213,18.10143699743487,1,4,0.5,0.6887186300988328
0,0,85,3,test,2,No-assist,2,64.92908028036014,22.04013523918875,1,1,,0.6925658973412403
0,0,85,3,test,2,AI-assist,0,58.26846556030515,20.662245962035882,1,1,0.5,0.978086282268398
0,0,86,2,test,1,No-assist,3,45.28046051728955,20.955290685448084,1,4,,0.6873092614972504
0,0,86,2,test,1,AI-assist,2,50.49444101223082,18.444619756128105,0,4,0.5,0.8104231996825048
0,0,86,2,test,2,No-assist,0,69.35152788272826,23.04480246382369,1,1,,0.6923669731411223
0,0,86,2,test,2,AI-assist,3,56.596334362117936,20.418963741040262,1,1,0.5,0.599
0,0,87,3,test,1,No-assist,0,88.57375158907048,21.22334090366136,1,3,,0.6931195158008957
0,0,87,3,test,1,AI-assist,1,56.393699203188476,27.570884034066133,1,3,0.5,0.599
0,0,87,3,test,2,No-assist,2,32.90463357214645,19.362177969498788,1,3,,0.8203322272241302
0,0,87,3,test,2,AI-assist,3,51.08080217868258,25.85825037120096,1,3,0.5,0.7484074773875768
0,0,88,2,test,1,No-assist,3,78.51981704582622,20.093628349392976,1,2,,0.2621576667988021
0,0,88,2,test,1,AI-assist,4,55.83019751073121,13.513356634310552,1,2,0.5,0.8295768003174949
0,0,88,2,test,2,No-assist,0,67.06931980068256,21.308906512699146,1,2,,0.699
0,0,88,2,test,2,AI-assist,3,58.38842144292784,22.76670322176018,1,2,0.5,0.699
0,0,89,1,test,1,No-assist,2,76.10483026296029,20.99189877888626,1,4,,0.7528685757699591
0,0,89,1,test,1,AI-assist,3,55.69484262717258,28.64994474459805,1,4,0.5,0.8289007963627302
0,0,89,1,test,2,No-assist,2,67.44001879574881,22.067851340171337,1,1,,0.699
0,0,89,1,test,2,AI-assist,0,58.40919833482162,28.82092534782753,1,1,0.5,0.499
0,0,90,0,test,1,No-assist,3,53.40033435720142,21.70104040145137,0,1,,0.6645300453084061
0,0,90,0,test,1,AI-assist,0,50.94954270715924,32.10688259530037,0,1,0.5,0.8079665365459441
0,0,90,0,test,2,No-assist,4,37.20927381401291,20.520233088985133,1,0,,0.6970867213625127
0,0,90,0,test,2,AI-assist,0,49.402068127976165,31.661984061787873,1,0,0.5,0.4953478454615373
0,0,91,4,test,1,No-assist,2,71.48693130604961,23.153814974697035,0,4,,0.3427660736746192
0,0,91,4,test,1,AI-assist,1,57.03601919176795,21.82258625190665,1,4,0.5,0.699
0,0,91,4,test,2,No-assist,0,40.0550026642654,20.43916157955756,0,4,,0.6813438747906212
0,0,91,4,test,2,AI-assist,4,49.881565190195374,13.644886189758989,1,4,0.5,0.9387277246601522
0,0,92,3,test,1,No-assist,0,73.33480197873286,21.537394235976787,1,3,,0.6986677978394447
0,0,92,3,test,1,AI-assist,0,57.13958842101053,20.829464101761936,1,3,0.5,0.699
0,0,92,3,test,2,No-assist,0,67.42968882740631,21.14846728900082,1,0,,0.6963530946893906
0,0,92,3,test,2,AI-assist,1,56.80861936202057,7.640233803328332,1,0,0.5,0.6913433091521509
0,0,93,1,test,1,No-assist,0,45.09704228775524,22.44529424909168,1,1,,0.8358532433621217
0,0,93,1,test,1,AI-assist,1,50.484160809756304,13.471102948567664,0,1,0.5,0.4843706544796337
0,0,93,1,test,2,No-assist,4,71.69147470189715,20.89808995267689,0,1,,0.6669414504425444
0,0,93,1,test,2,AI-assist,3,56.727483414977804,18.90456213320925,1,1,0.5,0.9587322272241304
0,0,94,0,test,1,No-assist,4,69.03813446131926,21.27673322703816,1,2,,0.7430160437461765
0,0,94,0,test,1,AI-assist,1,56.898769326001045,37.18616186575191,1,2,0.5,0.978072275339848
0,0,94,0,test,2,No-assist,1,67.9823454424288,20.585575461033017,1,0,,0.6874229244460411
0,0,94,0,test,2,AI-assist,1,56.83959459232205,21.18053277311377,1,0,0.5,0.4842811186498978
0,0,95,2,test,1,No-assist,0,47.85099312584666,22.119148312064283,1,1,,0.9396004969848484
0,0,95,2,test,1,AI-assist,2,50.63851390918556,28.20818239260616,0,1,0.5,0.9584
0,0,95,2,test,2,No-assist,0,70.02762489055468,19.504423782306773,0,2,,0.7404865223915399
0,0,95,2,test,2,AI-assist,1,56.634228164443456,21.000104420205734,1,2,0.5,0.9447110530565088
0,0,96,3,test,1,No-assist,3,85.72212776619894,22.195500628868103,1,2,,0.6701511062553243
0,0,96,3,test,1,AI-assist,3,81.49483978367009,21.90053092728874,1,2,0.5,0.7636495026028874
0,0,96,3,test,2,No-assist,3,75.41178588972485,20.218109699763875,1,3,,0.767012979936686
0,0,96,3,test,2,AI-assist,3,80.91696700438985,15.71832026335003,1,3,0.5,0.499
0,0,97,0,test,1,No-assist,4,49.49720829774543,22.32803769220997,1,0,,0.6851603261540936
0,0,97,0,test,1,AI-assist,0,50.73078077560724,21.51468032151272,0,0,0.5,0.6752111584134818
0,0,97,0,test,2,No-assist,2,69.01204586678948,19.801690838971915,1,0,,0.6758666542140682
0,0,97,0,test,2,AI-assist,3,56.57730711564865,17.25609061973793,1,0,0.5,0.599
0,0,98,3,test,1,No-assist,2,66.52132387104628,23.104040829957903,1,1,,0.7696722753398479
0,0,98,3,test,1,AI-assist,0,56.75770743415033,25.56847146132546,1,1,0.5,0.7689703059665371
0,0,98,3,test,2,No-assist,0,66.7393452755551,23.252486627026947,1,3,,0.6686350655701423
0,0,98,3,test,2,AI-assist,4,56.769927071139634,26.73636000882871,1,3,0.5,0.599
0,0,99,1,test,1,No-assist,0,76.03283737361672,20.59025644465009,1,1,,0.7524386442989637
0,0,99,1,test,1,AI-assist,0,57.290807578524166,16.23041431470081,1,1,0.5,0.9628065783803952
0,0,99,1,test,2,No-assist,2,63.900147339686015,20.96327331274152,0,3,,0.6739383036034745
0,0,99,1,test,2,AI-assist,3,56.61079605281026,24.22334377977262,1,3,0.5,0.499
0,0,100,1,test,1,No-assist,2,0.0,19.589350648089493,0,1,,0.732987020063314
0,0,100,1,test,1,AI-assist,1,60.365025694988674,21.356586009236764,1,1,0.5,0.9395251398295744
0,0,100,1,test,2,No-assist,0,85.77020317825452,21.304747132760827,1,1,,0.7329876584421497
0,0,100,1,test,2,AI-assist,0,57.83656626507499,31.270249112782366,1,1,0.5,0.6925350814623052
